AUDITID,AUDITVERSION,APP,BRKRNAME,COVER,CUSTOMER,DLRALIAS,DLRSCMP,ISIN,PLATFORM,PRICE,QTY,SECURITY_,SEQ,SIDE,STATUS,TRADEDT,YIELD,BUNDS_PRICE,ACTIVE,NAME,MANUAL_INPUT
67808,48,,"BRF KREDIT",,"NYKREDIT BANK A/S","BRFK",,"DK0009391294","AUCTIONS",0,0,"JYKRE 1 04/01/25",2013,"S","REJECTED",2020-08-04 10:03:47,0,177.375,"Y","BRFK JYKRE 1 04/01/25","N"
67823,117,,"NYKREDIT BANK A/S","--","NYKREDIT BANK A/S","NYBK",,"DK0009524944","AUCTIONS",98.025,10000000,"NYKRE 10/01/35",2085,"B","ACCEPTED",2020-08-04 14:43:43,0.272,177.735,"Y","NYBK NYKRE 10/01/35","N"
27324,6,,"JP MORGAN","134-07","NYKREDIT BANK A/S","JPM","3","US912810FH69","FIT",0,0,"TII 3 7/8 04/15/29",0,"S","TRAWAY",2020-01-21 13:54:47,0,171.66,"Y","JPM TII 3 7/8 04/15/29","N"
15040,2,,"NYKREDIT BANK A/S","--","SYDBANK A/S","NYBK",,"DK0009516841","AUCTIONS",100.21,30000000,"NYKRE 07/01/21",2124,"B","ACCEPTED",2019-09-26 11:16:52,13.09,174.37,"Y","NYBK NYKRE 07/01/21","N"
32405,2,,"NYKREDIT BANK A/S","--","SKANDINAVISKA ENSKILDA BANKEN AB","NYBK",,"DK0009525750","AUCTIONS",101.74,5000000,"NYKRE 1 04/01/21",2045,"B","ACCEPTED",2020-03-09 15:19:42,-0.635,179.42,"Y","NYBK NYKRE 1 04/01/21","N"
39710,1,,"NORDEA TREASURY NDMB",,"NYKREDIT BANK A/S","NDEA",,"DK0002035641","AUCTIONS",0,0,"NDASS 1 04/01/21",2030,"S","REJECTED",2020-03-31 13:08:13,0,172.98,"Y","NDEA NDASS 1 04/01/21","N"
38301,10,,"NORDEA TREASURY NDMB",,"NYKREDIT BANK A/S","NDEA",,"DK0002038744","AUCTIONS",0,0,"NDASS 2 10/01/50",2018,"S","REJECTED",2020-03-26 13:40:53,0,170.44,"Y","NDEA NDASS 2 10/01/50","N"
21826,1,,"NYKREDIT REALKREDIT.","--","JYSKE BANK AS","NYBK",,"DK0009520603","AUCTIONS",100.575,10000000,"NYKRE 1 04/01/20",2071,"B","ACCEPTED",2019-11-21 13:41:40,-0.635,170.89,"Y","NYBK NYKRE 1 04/01/20","N"
7803,1,,"TRADITION N.A.",,"NYKREDIT BANK A/S","TRDN",,"DK0009922916","VCON",107.93,15000000,"DGBI 0.1 11/15/23 ILB",61235,"B","ACCEPTED",2019-08-06 16:43:10,-1.6753,176.49,"Y","TRDN DGBI 0.1 11/15/23 ILB","N"
21827,3,,"NYKREDIT REALKREDIT.","--","NORDEA BANK ABP","NYBK",,"DK0009521767","AUCTIONS",101.97,10000000,"NYKRE 1 07/01/20",2074,"B","ACCEPTED",2019-11-21 13:43:46,-2.229,170.89,"Y","NYBK NYKRE 1 07/01/20","N"
70408,3,,"BRF KREDIT",,"NYKREDIT BANK A/S","BRFK",,"DK0009399941","AUCTIONS",98.925,20000000,"JYKRE 1 10/01/53",2034,"S","ACCEPTED",2020-08-17 14:32:52,1.077,175.975,"Y","BRFK JYKRE 1 10/01/53","N"
39712,1,,"NORDEA TREASURY NDMB",,"NYKREDIT BANK A/S","NDEA",,"DK0002036961","AUCTIONS",0,0,"NDASS 1 04/01/22",2035,"S","REJECTED",2020-03-31 13:10:45,0,173.01,"Y","NDEA NDASS 1 04/01/22","N"
70319,1,,"BRF KREDIT",,"NYKREDIT BANK A/S","BRFK",,"DK0009403131","AUCTIONS",98.075,8000000,"JYKRE 1 10/01/53",2020,"S","ACCEPTED",2020-08-17 12:46:38,1.105,175.825,"Y","BRFK JYKRE 1 10/01/53","N"
36506,97,,"NYKREDIT BANK A/S","--","NORDEA BANK ABP","NYBK",,"DK0009519787","AUCTIONS",99.5,10000000,"NYKRE 04/01/22",2008,"B","ACCEPTED",2020-03-23 11:24:11,29.62,170.93,"Y","NYBK NYKRE 04/01/22","N"
20716,45,,"SATARD",,,"SATARD",,"DK1122334455",,102,131,"SATA1",,,,2019-11-12 14:50:15,,102,"Y",,"Y"
23423,15,,"TORONTO DOM. TDEM",,"NYKREDIT BANK A/S","TD","1","ZAG000024738","ALLQ",99.975,3000000,"SAGB 7 1/4 01/15/20 #R207",10,"S","ACCEPTED",2019-12-04 10:19:09,7.00006,170.96,"Y","TD SAGB 7 1/4 01/15/20 #R207","N"
34107,4,,"NYKREDIT BANK A/S",,"NYKREDIT BANK A/S","NYBK",,"DK0004925070","AUCTIONS",93.775,5000000,"LNDSBK 0 1/2 10/01/50",2115,"S","ACCEPTED",2020-03-13 16:26:50,0.838,174.11,"Y","NYBK LNDSBK 0 1/2 10/01/50","N"
39303,8,,"NYKREDIT BANK A/S",,"NYKREDIT BANK A/S","NYBK",,"DK0004924420","AUCTIONS",94.55,5000000,"LNDSBK 1 10/01/50",2026,"S","ACCEPTED",2020-03-30 13:48:41,1.315,173.47,"Y","NYBK LNDSBK 1 10/01/50","N"
25720,9,,"DLR KREDIT AS",,"NYKREDIT BANK A/S","DLRK",,"DK0006349725","AUCTIONS",0,0,"DLRKRE 10/01/40",2018,"S","REJECTED",2020-01-06 13:51:43,0,172.25,"Y","DLRK DLRKRE 10/01/40","N"
17614,1,,"BRF KREDIT",,"NYKREDIT BANK A/S","BRFK",,"DK0009389983","AUCTIONS",0,0,"JYKRE 1 04/01/22",2014,"S","REJECTED",2019-10-15 10:39:58,0,172.6,"Y","BRFK JYKRE 1 04/01/22","N"
38937,2,,"NYKREDIT BANK A/S","--","SYDBANK A/S","NYBK",,"DK0009514556","AUCTIONS",100.4,30000000,"NYKRE 0 1/2 10/01/30",2068,"B","ACCEPTED",2020-03-27 16:20:49,0.413,172.74,"Y","NYBK NYKRE 0 1/2 10/01/30","N"
38938,9,,"NYKREDIT BANK A/S","--","NORDEA BANK ABP","NYBK",,"DK0009515876","AUCTIONS",101.725,50000000,"NYKRE 2 10/01/50",2071,"B","ACCEPTED",2020-03-27 16:26:20,1.907,172.72,"Y","NYBK NYKRE 2 10/01/50","N"
66723,37,,"NYKREDIT BANK A/S","--","SPAR NORD BANK A/S","NYBK",,"DK0009520959","AUCTIONS",104.53,20000000,"NYKRE 1 04/01/24",2078,"B","ACCEPTED",2020-07-27 12:36:33,-0.23,176.575,"Y","NYBK NYKRE 1 04/01/24","N"
10003,2,,"NYKREDIT REALKREDIT.","--","DANSKE BANK A/S","NYBK",,"DK0009509630","AUCTIONS",103.2,30000000,"NYKRE 1 07/01/21",2007,"B","ACCEPTED",2019-08-21 12:32:39,-0.71,178.6,"Y","NYBK NYKRE 1 07/01/21","N"
14106,2,,"NORDEA MARKETS",,"NYKREDIT BANK A/S","NDEA",,"NO0010847106","VCON",99.337,15000000,"NGTB 0 03/18/20 46 46",54216,"S","ACCEPTED",2019-09-19 10:35:39,1.3812,173.14,"Y","NDEA NGTB 0 03/18/20 46 46","N"
10010,2,,"NYKREDIT REALKREDIT.","--","JYSKE BANK AS","NYBK",,"DK0009517229","AUCTIONS",103.62,5000000,"NYKRE 1 10/01/21",2035,"B","ACCEPTED",2019-08-21 13:38:10,-0.7,178.59,"Y","NYBK NYKRE 1 10/01/21","N"
66724,186,,"NYKREDIT BANK A/S","--","SYDBANK A/S","NYBK",,"DK0009502114","AUCTIONS",104.54,35000000,"NYKRE 1 01/01/24",2083,"B","ACCEPTED",2020-07-27 12:51:21,-0.32,176.565,"Y","NYBK NYKRE 1 01/01/24","N"
37601,1,,"NYKREDIT BANK A/S","--","JYSKE BANK AS","NYBK",,"DK0004923968","AUCTIONS",95,10000000,"LNDSBK 1 1/2 10/01/50",2064,"B","ACCEPTED",2020-03-24 17:21:43,1.891,170.58,"Y","NYBK LNDSBK 1 1/2 10/01/50","N"
46201,12,,"DLR KREDIT AS",,"NYKREDIT BANK A/S","DLRK",,"DK0006342985","AUCTIONS",102.7,8000000,"DLRKRE 2 10/01/50",2005,"S","ACCEPTED",2020-04-27 10:49:56,1.81,172.71,"Y","DLRK DLRKRE 2 10/01/50","N"
25605,2,,"ENSKILDA SECURITIES",,"NYKREDIT BANK A/S","SEB",,"SE0006452900","VCON",100.838,10000000,"SBAB 2 06/17/20 141",56134,"S","ACCEPTED",2020-01-03 15:31:16,0.1,172.06,"Y","SEB SBAB 2 06/17/20 141","N"
37003,2,,"NYKREDIT BANK A/S",,"NYKREDIT BANK A/S","NYBK",,"DK0009510216","AUCTIONS",98.2,5000000,"NYKRE 1 1/2 10/01/40",2056,"S","ACCEPTED",2020-03-23 16:19:36,1.711,170.85,"Y","NYBK NYKRE 1 1/2 10/01/40","N"
31304,12,,"BRF KREDIT",,"NYKREDIT BANK A/S","BRFK",,"DK0009398034","AUCTIONS",0,0,"JYKRE 1 04/01/21",2026,"S","REJECTED",2020-02-27 09:15:48,0,176.06,"Y","BRFK JYKRE 1 04/01/21","N"
46205,7,,"DLR KREDIT AS",,"NYKREDIT BANK A/S","DLRK",,"DK0006348081","AUCTIONS",0,0,"DLRKRE 1 1/2 10/01/50",2018,"S","REJECTED",2020-04-27 10:59:18,0,172.76,"Y","DLRK DLRKRE 1 1/2 10/01/50","N"
30414,2,,"NYKREDIT REALKREDIT","--","DANMARKS NATIONALBANK","NYKJ",,"DK0004921913","AUCTIONS",100.191,100000,"LNDSBK 1 04/01/20",2009,"B","ACCEPTED",2020-02-19 10:45:30,-0.737,174.61,"Y","NYKJ LNDSBK 1 04/01/20","N"
42402,12,,"NYKREDIT BANK A/S","--","DANSKE BANK A/S","NYBK",,"DK0009513152","AUCTIONS",99.9,15000000,"NYKRE 1 1/2 10/01/50",2049,"B","ACCEPTED",2020-04-08 14:29:21,1.516,170.16,"Y","NYBK NYKRE 1 1/2 10/01/50","N"
9831,1,,"NYKREDIT REALKREDIT.","--","NORDEA BANK ABP","NYBK",,"DK0009519274","AUCTIONS",100.63,5000000,"NYKRE 1 01/01/20",2033,"B","ACCEPTED",2019-08-20 14:45:38,-0.731,179.06,"Y","NYBK NYKRE 1 01/01/20","N"
18612,2,,"INTERCAPITAL",,"NYKREDIT BANK A/S","ICAP",,"XS1325648761","VCON",100.743,21000000,"DANBNK 0 1/4 11/26/20",58252,"B","ACCEPTED",2019-10-23 14:53:03,-0.4296,171.72,"Y","ICAP DANBNK 0 1/4 11/26/20",
18614,2,,"INTERCAPITAL",,"NYKREDIT BANK A/S","ICAP",,"XS1197037515","VCON",100.413,3880000,"DANBNK 0 1/4 06/04/20 121C",58679,"B","ACCEPTED",2019-10-23 15:09:53,-0.4249,171.65,"Y","ICAP DANBNK 0 1/4 06/04/20 121C",
71904,34,,"NYKREDIT BANK A/S","--","DANSKE BANK A/S","NYBK",,"DK0009526725","AUCTIONS",99.41,20000000,"NYKRE 0.219 07/01/30",2015,"B","ACCEPTED",2020-08-24 10:47:50,31.1,176.855,"Y","NYBK NYKRE 0.219 07/01/30","N"
42105,3,,"NYKREDIT BANK A/S","--","NORDEA BANK ABP","NYBK",,"DK0009516254","AUCTIONS",101.75,25000000,"NYKRE 2 10/01/50",2016,"B","ACCEPTED",2020-04-08 10:34:42,1.882,170.9,"Y","NYBK NYKRE 2 10/01/50","N"
28905,7,,"TRADITION N.A.",,"NYKREDIT BANK A/S","TRDN",,"DK0009923567","VCON",107.553,315000000,"DGB 0 1/2 11/15/27 10Y",56675,"S","ACCEPTED",2020-02-06 11:04:59,-0.4537,173.75,"Y","TRDN DGB 0 1/2 11/15/27 10Y","N"
26405,1,,"INTERCAPITAL",,"NYKREDIT BANK A/S","ICAP",,"XS1071388117","VCON",102.253,10000000,"DANBNK 1 1/4 06/11/21 EMTN",55560,"B","ACCEPTED",2020-01-14 10:00:38,-0.3499,170.95,"Y","ICAP DANBNK 1 1/4 06/11/21 EMTN","N"
72005,2,,"NORDEA TREASURY NDMB",,"NYKREDIT BANK A/S","NDEA",,"DK0002045954","AUCTIONS",102.27,10000000,"NDASS 1 04/01/22",2023,"S","ACCEPTED",2020-08-24 13:11:44,-0.41,176.915,"Y","NDEA NDASS 1 04/01/22","N"
65905,18,,"NYKREDIT BANK A/S","--","SPAR NORD BANK A/S","NYBK",,"DK0004925583","AUCTIONS",104.85,4000000,"LNDSBK 1 04/01/25",2023,"B","ACCEPTED",2020-07-21 10:35:49,-0.03,176.375,"Y","NYBK LNDSBK 1 04/01/25","N"
41003,6,,"DLR KREDIT AS",,"NYKREDIT BANK A/S","DLRK",,"DK0006342712","AUCTIONS",102.15,20000000,"DLRKRE 1 1/2 10/01/40",2024,"S","ACCEPTED",2020-04-03 14:43:48,1.274,172.16,"Y","DLRK DLRKRE 1 1/2 10/01/40","N"
19509,4,,"BRF KREDIT",,"NYKREDIT BANK A/S","BRFK",,"DK0009392185","AUCTIONS",0,0,"JYKRE 07/01/21",2021,"S","REJECTED",2019-10-31 10:46:21,0,171.64,"Y","BRFK JYKRE 07/01/21","N"
69417,27,,"DLR KREDIT AS",,"NYKREDIT BANK A/S","DLRK",,"DK0006349568","AUCTIONS",96.6,25000000,"DLRKRE 0 1/2 10/01/50",2005,"S","ACCEPTED",2020-08-12 14:42:16,0.741,176.015,"Y","DLRK DLRKRE 0 1/2 10/01/50","N"
38915,5,,"DLR KREDIT AS",,"NYKREDIT BANK A/S","DLRK",,"DK0006344841","AUCTIONS",101.4,6000000,"DLRKRE 2 10/01/50",2005,"S","ACCEPTED",2020-03-27 15:04:58,1.928,172.59,"Y","DLRK DLRKRE 2 10/01/50","N"
72012,3,,"TRADITION N.A.",,"NYKREDIT BANK A/S","TRDN",,"DK0009923138","VCON",112.319,200000000,"DGB 1 3/4 11/15/25",55994,"S","ACCEPTED",2020-08-24 15:44:29,-0.5676,177.105,"Y","TRDN DGB 1 3/4 11/15/25","N"
25150,4,,"DLR KREDIT AS",,"NYKREDIT BANK A/S","DLRK",,"DK0006345228","AUCTIONS",0,0,"DLRKRE 07/01/23",2065,"S","REJECTED",2019-12-27 13:37:43,0,171.52,"Y","DLRK DLRKRE 07/01/23","N"
69419,91,,"DLR KREDIT AS",,"NYKREDIT BANK A/S","DLRK",,"DK0006348750","AUCTIONS",0,0,"DLRKRE 1 10/01/50",2011,"S","REJECTED",2020-08-12 14:46:04,0,176.065,"Y","DLRK DLRKRE 1 10/01/50","N"
45009,6,,"NYKREDIT BANK A/S","--","NORDEA BANK ABP","NYBK",,"DK0009515363","AUCTIONS",105.8,15000000,"NYKRE 1 01/01/28",2032,"B","ACCEPTED",2020-04-21 10:47:53,0.24,172.54,"Y","NYBK NYKRE 1 01/01/28","N"
69504,5,,"NYKREDIT BANK A/S","--","SYDBANK A/S","NYBK",,"DK0009525594","AUCTIONS",95,400000,"NYKRE 0 1/2 10/01/50",2079,"B","ACCEPTED",2020-08-12 15:54:09,0.86,176.365,"Y","NYBK NYKRE 0 1/2 10/01/50","N"
39705,9,,"NORDEA TREASURY NDMB",,"NYKREDIT BANK A/S","NDEA",,"DK0002039049","AUCTIONS",101.95,35000000,"NDASS 2 10/01/50",2011,"S","ACCEPTED",2020-03-31 12:47:05,1.893,172.84,"Y","NDEA NDASS 2 10/01/50","N"
42303,19,,"NYKREDIT BANK A/S","--","DANSKE BANK A/S","NYBK",,"DK0009513319","AUCTIONS",102.1,20000000,"NYKRE 1 1/2 10/01/40",2035,"B","ACCEPTED",2020-04-08 12:47:25,1.276,170.78,"Y","NYBK NYKRE 1 1/2 10/01/40","N"
45105,7,,"NORDEA TREASURY NDMB",,"NYKREDIT BANK A/S","NDEA",,"DK0002040567","AUCTIONS",0,0,"NDASS 1 1/2 10/01/50",2011,"S","REJECTED",2020-04-21 13:24:21,0,172.89,"Y","NDEA NDASS 1 1/2 10/01/50","N"
27620,2,,"NORDEA TREASURY NDMB",,"NYKREDIT BANK A/S","NDEA",,"DK0002041029","AUCTIONS",0,0,"NDASS 1 10/01/23",2027,"S","REJECTED",2020-01-23 13:08:08,0,172.48,"Y","NDEA NDASS 1 10/01/23","N"
55107,9,,"DLR KREDIT AS",,"NYKREDIT BANK A/S","DLRK",,"DK0006346465","AUCTIONS",0,0,"DLRKRE 1 1/2 10/01/50",2005,"S","REJECTED",2020-06-16 11:05:09,0,175.245,"Y","DLRK DLRKRE 1 1/2 10/01/50","N"
31037,1,,"DLR KREDIT AS",,"NYKREDIT BANK A/S","DLRK",,"DK0006340500","AUCTIONS",0,0,"DLRKRE 1 10/01/21",2081,"S","REJECTED",2020-02-25 13:05:02,0,175.89,"Y","DLRK DLRKRE 1 10/01/21","N"
40301,5,,"NORDEA TREASURY NDMB",,"NYKREDIT BANK A/S","NDEA",,"DK0002038827","AUCTIONS",0,0,"NDASS 1 1/2 10/01/40",2005,"S","REJECTED",2020-04-02 11:02:04,0,171.79,"Y","NDEA NDASS 1 1/2 10/01/40","N"
22321,1,,"NORDEA TREASURY NDMB",,"NYKREDIT BANK A/S","NDEA",,"DK0002042183","AUCTIONS",0,0,"NDASS 1 01/01/24",2012,"S","REJECTED",2019-11-26 11:50:19,0,171.22,"Y","NDEA NDASS 1 01/01/24","N"
31164,64,,"NYKREDIT REALKREDIT.","--","JYSKE BANK AS","NYBK",,"DK0009502627","AUCTIONS",102.84,40000000,"NYKRE 1 01/01/22",2022,"B","ACCEPTED",2020-02-26 13:54:55,-0.53,175.71,"Y","NYBK NYKRE 1 01/01/22","N"
22333,6,,"DLR KREDIT AS",,"NYKREDIT BANK A/S","DLRK",,"DK0006349055","AUCTIONS",0,0,"DLRKRE 1 01/01/25",2099,"S","REJECTED",2019-11-26 12:48:08,0,171.22,"Y","DLRK DLRKRE 1 01/01/25","N"
30220,15,,"BRF KREDIT",,"NYKREDIT BANK A/S","BRFK",,"DK0009395956","AUCTIONS",0,0,"JYKRE 1 04/01/29",2014,"S","REJECTED",2020-02-17 09:58:40,0,174.5,"Y","BRFK JYKRE 1 04/01/29","N"
31166,9,,"NYKREDIT REALKREDIT.",,"NYKREDIT BANK A/S","NYBK",,"DK0009512188","AUCTIONS",103.16,25000000,"NYKRE 1 04/01/22",2032,"S","ACCEPTED",2020-02-26 13:59:11,-0.5,175.68,"Y","NYBK NYKRE 1 04/01/22","N"
48205,7,,"BRF KREDIT",,"NYKREDIT BANK A/S","BRFK",,"DK0009392854","AUCTIONS",0,0,"JYKRE 2 10/01/50",2022,"S","REJECTED",2020-05-05 13:30:52,0,174.33,"Y","BRFK JYKRE 2 10/01/50","N"
31172,2,,"NYKREDIT REALKREDIT.","--","NORDEA BANK ABP","NYBK",,"DK0009524191","AUCTIONS",101.23,10000000,"NYKRE 1 01/01/21",2038,"B","ACCEPTED",2020-02-26 14:14:19,-0.455,175.69,"Y","NYBK NYKRE 1 01/01/21","N"
22327,2,,"DLR KREDIT AS",,"NYKREDIT BANK A/S","DLRK",,"DK0006346622","AUCTIONS",0,0,"DLRKRE 1 01/01/24",2082,"S","REJECTED",2019-11-26 12:49:53,0,171.22,"Y","DLRK DLRKRE 1 01/01/24","N"
22339,6,,"DLR KREDIT AS",,"NYKREDIT BANK A/S","DLRK",,"DK0006349139","AUCTIONS",0,0,"DLRKRE 1 01/01/21",2149,"S","REJECTED",2019-11-26 12:46:33,0,171.22,"Y","DLRK DLRKRE 1 01/01/21","N"
31038,1,,"DLR KREDIT AS",,"NYKREDIT BANK A/S","DLRK",,"DK0006338520","AUCTIONS",0,0,"DLRKRE 1 10/01/20",2089,"S","REJECTED",2020-02-25 13:04:13,0,175.89,"Y","DLRK DLRKRE 1 10/01/20","N"
55205,2,,"BRF KREDIT",,"NYKREDIT BANK A/S","BRFK",,"DK0009391377","AUCTIONS",0,0,"JYKRE 1 04/01/26",2027,"S","REJECTED",2020-06-16 13:44:38,0,175.185,"Y","BRFK JYKRE 1 04/01/26","N"
38925,20,,"NORDEA TREASURY NDMB",,"NYKREDIT BANK A/S","NDEA",,"DK0002038157","AUCTIONS",0,0,"NDASS 1 10/01/22",2137,"S","REJECTED",2020-03-27 15:29:57,0,172.75,"Y","NDEA NDASS 1 10/01/22","N"
31050,3,,"NYKREDIT REALKREDIT.","--","NORDEA BANK ABP","NYBK",,"DK0009511453","AUCTIONS",102.48,1000000,"NYKRE 1 01/01/22",2059,"B","ACCEPTED",2020-02-25 13:42:06,-0.34,175.8,"Y","NYBK NYKRE 1 01/01/22","N"
31182,6,,"NYKREDIT BANK A/S","--","SYDBANK A/S","NYBK",,"DK0009522302","AUCTIONS",100.976,10000000,"NYKRE 1 10/01/20",2054,"B","ACCEPTED",2020-02-26 14:51:37,-0.644,175.6,"Y","NYBK NYKRE 1 10/01/20","N"
31051,1,,"NYKREDIT REALKREDIT.","--","NORDEA BANK ABP","NYBK",,"DK0009515520","AUCTIONS",103.75,1000000,"NYKRE 1 01/01/23",2064,"B","ACCEPTED",2020-02-25 13:41:51,-0.31,175.8,"Y","NYBK NYKRE 1 01/01/23","N"
48309,11,,"TRADITION N.A.",,"NYKREDIT BANK A/S","TRDN",,"DK0009923807","VCON",108.101,143000000,"DGB 0 1/2 11/15/29 10YR",57441,"B","ACCEPTED",2020-05-05 14:52:01,-0.3355,174.25,"Y","TRDN DGB 0 1/2 11/15/29 10YR","N"
38928,1,,"NYKREDIT BANK A/S","--","NYKREDIT BANK A/S","NYBK",,"DK0009514630","AUCTIONS",100.55,30000000,"NYKRE 1 10/01/35",2050,"B","ACCEPTED",2020-03-27 15:38:13,0.924,172.84,"Y","NYBK NYKRE 1 10/01/35","N"
31058,10,,"DLR KREDIT AS",,"NYKREDIT BANK A/S","DLRK",,"DK0006349642","AUCTIONS",96.325,20000000,"DLRKRE 0 1/2 10/01/50",2101,"S","ACCEPTED",2020-02-25 14:02:43,0.697,175.76,"Y","DLRK DLRKRE 0 1/2 10/01/50","N"
15208,2,,"NYKREDIT REALKREDIT.","--","DANSKE BANK A/S","NYBK",,"DK0009514200","AUCTIONS",100.25,175000000,"NYKRE 10/01/21",2004,"B","ACCEPTED",2019-09-27 10:01:04,16.57,174.34,"Y","NYBK NYKRE 10/01/21","N"
31059,3,,"NYKREDIT REALKREDIT.","--","NORDEA BANK ABP","NYBK",,"DK0009519514","AUCTIONS",104.75,1000000,"NYKRE 1 01/01/24",2068,"B","ACCEPTED",2020-02-25 14:03:56,-0.23,175.78,"Y","NYBK NYKRE 1 01/01/24","N"
31060,1,,"NYKREDIT REALKREDIT.","--","NORDEA BANK ABP","NYBK",,"DK0009524274","AUCTIONS",105.55,1000000,"NYKRE 1 01/01/25",2072,"B","ACCEPTED",2020-02-25 14:04:13,-0.14,175.78,"Y","NYBK NYKRE 1 01/01/25","N"
38932,3,,"NORDEA TREASURY NDMB",,"NYKREDIT BANK A/S","NDEA",,"DK0002043827","AUCTIONS",0,0,"NDASS 1 10/01/20",2149,"S","REJECTED",2020-03-27 15:56:29,0,172.96,"Y","NDEA NDASS 1 10/01/20","N"
20008,16,,"NYKREDIT REALKREDIT","--","DANMARKS NATIONALBANK","NYKJ",,"DK0009517492","AUCTIONS",100.268,500000,"NYKRE 1 01/01/20",2000,"B","ACCEPTED",2019-11-06 10:49:37,-0.8,170.39,"Y","NYKJ NYKRE 1 01/01/20","N"
22505,15,,"BRF KREDIT",,"NYKREDIT BANK A/S","BRFK",,"DK0009397226","AUCTIONS",0,0,"JYKRE 1 01/01/21",2039,"S","REJECTED",2019-11-28 09:11:31,0,171.54,"Y","BRFK JYKRE 1 01/01/21","N"
33611,44,,"NYKREDIT BANK A/S","--","NORDEA BANK ABP","NYBK",,"DK0009525164","AUCTIONS",97.95,10000000,"NYKRE 10/01/30",2063,"B","ACCEPTED",2020-03-12 14:27:52,-0.09,177.24,"Y","NYBK NYKRE 10/01/30","N"
63501,9,,"DLR KREDIT AS",,"NYKREDIT BANK A/S","DLRK",,"DK0006345301","AUCTIONS",0,0,"DLRKRE 1 10/01/23",2011,"S","REJECTED",2020-07-10 12:36:42,0,176.805,"Y","DLRK DLRKRE 1 10/01/23","N"
31816,3,,"NYKREDIT REALKREDIT","--","DANMARKS NATIONALBANK","NYKJ",,"DK0004922135","AUCTIONS",103.86,3200000,"LNDSBK 1 04/01/22",2010,"B","ACCEPTED",2020-03-04 10:57:57,-0.84,177.96,"Y","NYKJ LNDSBK 1 04/01/22","N"
31187,5,,"NYKREDIT REALKREDIT.","--","SYDBANK A/S","NYBK",,"DK0009520793","AUCTIONS",103.18,3300000,"NYKRE 1 04/01/22",2049,"B","ACCEPTED",2020-02-26 15:03:27,-0.51,175.59,"Y","NYBK NYKRE 1 04/01/22","N"
17167,2,,"ENSKILDA SECURITIES",,"NYKREDIT BANK A/S","SEB",,"SE0007525647","VCON",102.035,300000,"SWEDA 1 09/15/21 190",52403,"S","ACCEPTED",2019-10-11 09:37:28,-0.061,172.33,"Y","SEB SWEDA 1 09/15/21 190","N"
22427,4,,"RD",,,"RD",,"DK0004612454",,100,10000000,"1 50 RD",,,,2019-11-27 10:40:54,,171.41,"Y",,"Y"
72804,13,,"NYKREDIT BANK A/S","--","DANSKE BANK A/S","NYBK",,"DK0009527103","AUCTIONS",98.3,50000000,"NYKRE 0 1/2 10/01/43",2061,"B","ACCEPTED",2020-08-27 12:32:41,0.666,176.275,"Y","NYBK NYKRE 0 1/2 10/01/43","N"
72710,50,,"NORDEA TREASURY NDMB",,"NYKREDIT BANK A/S","NDEA",,"DK0002041532","AUCTIONS",0,0,"NDASS 07/01/22",2027,"S","REJECTED",2020-08-27 09:52:46,0,176.085,"Y","NDEA NDASS 07/01/22","N"
22520,1,,"NORDEA TREASURY NDMB",,"NYKREDIT BANK A/S","NDEA",,"DK0002045012","AUCTIONS",0,0,"NDASS 1 01/01/25",2027,"S","REJECTED",2019-11-28 13:48:47,0,171.26,"Y","NDEA NDASS 1 01/01/25","N"
28114,1,,"ENSKILDA SECURITIES",,"NYKREDIT BANK A/S","SEB",,"SE0006258406","VCON",100.54,1500000,"SEB 1 1/2 06/17/20 573",53364,"S","ACCEPTED",2020-01-28 10:31:46,0.08,174.44,"Y","SEB SEB 1 1/2 06/17/20 573","N"
22507,2,,"TRADITION N.A.",,"NYKREDIT BANK A/S","TRDN",,"DK0009923997","VCON",102.807,400000000,"DGB 0 1/4 11/15/22 3Y",53351,"B","ACCEPTED",2019-11-28 10:22:26,-0.6873,171.46,"Y","TRDN DGB 0 1/4 11/15/22 3Y","N"
28706,32,,"BRF KREDIT",,"NYKREDIT BANK A/S","BRFK",,"DK0009391104","AUCTIONS",0,0,"JYKRE 1 04/01/24",2005,"S","REJECTED",2020-02-05 09:11:03,0,174,"Y","BRFK JYKRE 1 04/01/24","N"
31118,4,,"DLR KREDIT AS",,"NYKREDIT BANK A/S","DLRK",,"DK0006342639","AUCTIONS",0,0,"DLRKRE 1 10/01/22",2047,"S","REJECTED",2020-02-26 09:56:56,0,176.21,"Y","DLRK DLRKRE 1 10/01/22","N"
72711,511,,"NYKREDIT BANK A/S","--","JYSKE BANK AS","NYBK",,"DK0009525081","AUCTIONS",96.75,30000000,"NYKRE 0 1/2 10/01/50",2022,"B","ACCEPTED",2020-08-27 09:56:20,0.732,176.075,"Y","NYBK NYKRE 0 1/2 10/01/50","N"
60901,9,,"NORDEA TREASURY NDMB",,"NYKREDIT BANK A/S","NDEA",,"DK0002044205","AUCTIONS",0,0,"NDASS 10/01/30",2023,"S","REJECTED",2020-07-01 13:04:59,0,175.745,"Y","NDEA NDASS 10/01/30","N"
72714,71,,"NORDEA TREASURY NDMB",,"NYKREDIT BANK A/S","NDEA",,"DK0002044395","AUCTIONS",100.35,75000000,"NDASS 07/01/22",2038,"S","ACCEPTED",2020-08-27 10:10:45,4.94,176.115,"Y","NDEA NDASS 07/01/22","N"
31817,3,,"NYKREDIT REALKREDIT","--","DANMARKS NATIONALBANK","NYKJ",,"DK0004922218","AUCTIONS",105.73,3200000,"LNDSBK 1 04/01/23",2011,"B","ACCEPTED",2020-03-04 10:58:11,-0.83,177.96,"Y","NYKJ LNDSBK 1 04/01/23","N"
31818,3,,"NYKREDIT REALKREDIT","--","DANMARKS NATIONALBANK","NYKJ",,"DK0004922481","AUCTIONS",107.55,3200000,"LNDSBK 1 04/01/24",2012,"B","ACCEPTED",2020-03-04 10:58:21,-0.82,177.96,"Y","NYKJ LNDSBK 1 04/01/24","N"
31819,3,,"NYKREDIT REALKREDIT","--","DANMARKS NATIONALBANK","NYKJ",,"DK0004922564","AUCTIONS",109.28,3200000,"LNDSBK 1 04/01/25",2013,"B","ACCEPTED",2020-03-04 10:58:31,-0.79,177.96,"Y","NYKJ LNDSBK 1 04/01/25","N"
31820,3,,"NYKREDIT REALKREDIT","--","DANMARKS NATIONALBANK","NYKJ",,"DK0004922648","AUCTIONS",110.93,3200000,"LNDSBK 1 04/01/26",2014,"B","ACCEPTED",2020-03-04 10:58:41,-0.75,177.96,"Y","NYKJ LNDSBK 1 04/01/26","N"
31821,3,,"NYKREDIT REALKREDIT","--","DANMARKS NATIONALBANK","NYKJ",,"DK0004922721","AUCTIONS",112.47,3200000,"LNDSBK 1 04/01/27",2015,"B","ACCEPTED",2020-03-04 10:58:48,-0.71,177.96,"Y","NYKJ LNDSBK 1 04/01/27","N"
31822,3,,"NYKREDIT REALKREDIT","--","DANMARKS NATIONALBANK","NYKJ",,"DK0004922804","AUCTIONS",113.92,3200000,"LNDSBK 1 04/01/28",2016,"B","ACCEPTED",2020-03-04 10:58:58,-0.67,177.96,"Y","NYKJ LNDSBK 1 04/01/28","N"
31823,3,,"NYKREDIT REALKREDIT","--","DANMARKS NATIONALBANK","NYKJ",,"DK0004923539","AUCTIONS",115.29,1000000,"LNDSBK 1 04/01/29",2017,"B","ACCEPTED",2020-03-04 10:59:06,-0.63,177.96,"Y","NYKJ LNDSBK 1 04/01/29","N"
31824,1,,"NYKREDIT REALKREDIT","--","DANMARKS NATIONALBANK","NYKJ",,"DK0004925666","AUCTIONS",116.57,100000000,"LNDSBK 1 04/01/30",2018,"B","ACCEPTED",2020-03-04 10:59:13,-0.59,177.96,"Y","NYKJ LNDSBK 1 04/01/30","N"
31825,3,,"NYKREDIT REALKREDIT","--","DANMARKS NATIONALBANK","NYKJ",,"DK0004922051","AUCTIONS",101.972,3200000,"LNDSBK 1 04/01/21",2019,"B","ACCEPTED",2020-03-04 10:57:43,-0.825,177.95,"Y","NYKJ LNDSBK 1 04/01/21","N"
72722,2,,"NORDEA TREASURY NDMB",,"NYKREDIT BANK A/S","NDEA",,"DK0002048628","AUCTIONS",0,0,"NDASS 10/01/33",2044,"S","REJECTED",2020-08-27 11:00:58,0,176.225,"Y","NDEA NDASS 10/01/33","N"
63413,57,,"BRF KREDIT",,"NYKREDIT BANK A/S","BRFK",,"DK0009396848","AUCTIONS",0,0,"JYKRE 1 10/01/20",2012,"S","REJECTED",2020-07-10 10:17:49,0,176.675,"Y","BRFK JYKRE 1 10/01/20","N"
28115,3,,"ENSKILDA SECURITIES",,"NYKREDIT BANK A/S","SEB",,"SE0007525639","VCON",100.772,300000,"SWEDA 1 12/16/20 189",53369,"S","ACCEPTED",2020-01-28 10:32:15,0.12,174.44,"Y","SEB SWEDA 1 12/16/20 189","N"
72803,1132,,"NYKREDIT BANK A/S","--","JYSKE BANK AS","NYBK",,"DK0009524431","AUCTIONS",99.275,13400000,"NYKRE 1 10/01/50",2056,"B","ACCEPTED",2020-08-27 11:21:38,1.045,176.305,"Y","NYBK NYKRE 1 10/01/50","N"
51205,16,,"BRF KREDIT",,"NYKREDIT BANK A/S","BRFK",,"DK0009398893","AUCTIONS",0,0,"JYKRE 10/01/30",2007,"S","REJECTED",2020-05-25 14:41:24,0,173.095,"Y","BRFK JYKRE 10/01/30","N"
72807,17,,"NYKREDIT BANK A/S",,"NYKREDIT BANK A/S","NYBK",,"DK0009521841","AUCTIONS",105.16,25000000,"NYKRE 1 07/01/24",2073,"S","ACCEPTED",2020-08-27 12:45:06,-0.34,176.295,"Y","NYBK NYKRE 1 07/01/24","N"
28134,34,,"NYKREDIT BANK A/S","--","SKANDINAVISKA ENSKILDA BANKEN AB","NYBK",,"DK0009515959","AUCTIONS",102.35,7500000,"NYKRE 07/01/28",2062,"B","ACCEPTED",2020-01-28 12:54:36,-4.51,174.21,"Y","NYBK NYKRE 07/01/28","N"
61802,2,,"NORDEA TREASURY NDMB",,"NYKREDIT BANK A/S","NDEA",,"DK0002045871","AUCTIONS",0,0,"NDASS 1 04/01/21",2034,"S","REJECTED",2020-07-03 13:43:57,0,176.135,"Y","NDEA NDASS 1 04/01/21","N"
32303,35,,"BRF KREDIT",,"NYKREDIT BANK A/S","BRFK",,"DK0009399198","AUCTIONS",0,0,"JYKRE 10/01/40",2006,"S","REJECTED",2020-03-09 14:02:28,0,179.42,"Y","BRFK JYKRE 10/01/40","N"
38603,4,,"NORDEA TREASURY NDMB",,"NYKREDIT BANK A/S","NDEA",,"DK0002043900","AUCTIONS",0,0,"NDASS 1 10/01/21",2011,"S","REJECTED",2020-03-27 10:21:40,0,171.92,"Y","NDEA NDASS 1 10/01/21","N"
72812,179,,"NYKREDIT BANK A/S",,"NYKREDIT BANK A/S","NYBK",,"DK0009798480","AUCTIONS",110.12,30000000,"NYKRE 2 01/01/25",2093,"S","ACCEPTED",2020-08-27 13:34:29,-0.31,176.335,"Y","NYBK NYKRE 2 01/01/25","N"
72814,129,,"NORDEA TREASURY NDMB",,"NYKREDIT BANK A/S","NDEA",,"DK0002046259","AUCTIONS",96.175,10000000,"NDASS 0 1/2 10/01/50",2050,"S","ACCEPTED",2020-08-27 13:38:07,0.711,176.345,"Y","NDEA NDASS 0 1/2 10/01/50","N"
72817,21,,"NORDEA TREASURY NDMB",,"NYKREDIT BANK A/S","NDEA",,"DK0002039981","AUCTIONS",0,0,"NDASS 1 04/01/23",2062,"S","REJECTED",2020-08-27 13:48:30,0,176.325,"Y","NDEA NDASS 1 04/01/23","N"
72816,922,,"NYKREDIT BANK A/S","--","JYSKE BANK AS","NYBK",,"DK0009522815","AUCTIONS",99.975,20000000,"NYKRE 1 10/01/50",2097,"B","ACCEPTED",2020-08-27 13:43:30,1.006,176.345,"Y","NYBK NYKRE 1 10/01/50","N"
66110,9,,"NYKREDIT BANK A/S","--","SPAR NORD BANK A/S","NYBK",,"DK0009511297","AUCTIONS",107,10000000,"NYKRE 1 01/01/27",2032,"B","ACCEPTED",2020-07-22 10:56:52,-0.08,176.565,"Y","NYBK NYKRE 1 01/01/27","N"
43520,30,,"NYKREDIT BANK A/S","--","SYDBANK A/S","NYBK",,"DK0009515017","AUCTIONS",100.025,25000000,"NYKRE 1 10/01/40",2052,"B","ACCEPTED",2020-04-15 13:00:00,1.001,172.65,"Y","NYBK NYKRE 1 10/01/40","N"
43537,2,,"BRF KREDIT",,"NYKREDIT BANK A/S","BRFK",,"DK0009392771","AUCTIONS",0,0,"JYKRE 1 10/01/35",2006,"S","REJECTED",2020-04-15 12:23:58,0,172.65,"Y","BRFK JYKRE 1 10/01/35","N"
44805,14,,"NORDEA TREASURY NDMB",,"NYKREDIT BANK A/S","NDEA",,"DK0002044122","AUCTIONS",0,0,"NDASS 1 1/2 10/01/50",2011,"S","REJECTED",2020-04-20 13:49:34,0,172.61,"Y","NDEA NDASS 1 1/2 10/01/50","N"
69703,115,,"BRF KREDIT",,"NYKREDIT BANK A/S","BRFK",,"DK0009397812","AUCTIONS",0,0,"JYKRE 0 1/2 10/01/40",2013,"S","REJECTED",2020-08-13 13:24:06,0,176.105,"Y","BRFK JYKRE 0 1/2 10/01/40","N"
69707,17,,"BRF KREDIT",,"NYKREDIT BANK A/S","BRFK",,"DK0009396681","AUCTIONS",0,0,"JYKRE 1 1/2 10/01/50",2027,"S","REJECTED",2020-08-13 14:42:07,0,175.845,"Y","BRFK JYKRE 1 1/2 10/01/50","N"
43536,23,,"NYKREDIT BANK A/S",,"NYKREDIT BANK A/S","NYBK",,"DK0009513582","AUCTIONS",102.75,7500000,"NYKRE 2 10/01/50",2068,"S","ACCEPTED",2020-04-15 13:48:44,1.805,172.65,"Y","NYBK NYKRE 2 10/01/50","N"
51805,5,,"DLR KREDIT AS",,"NYKREDIT BANK A/S","DLRK",,"DK0006349998","AUCTIONS",0,0,"DLRKRE 0.0033 07/01/25",2094,"S","REJECTED",2020-05-27 11:07:15,0,172.145,"Y","DLRK DLRKRE 0.0033 07/01/25","N"
66133,1,,"NYKREDIT BANK A/S","--","SYDBANK A/S","NYBK",,"DK0009529745","AUCTIONS",97.65,5000000,"NYKRE 1 10/01/53",2075,"B","ACCEPTED",2020-07-22 13:02:30,1.165,176.715,"Y","NYBK NYKRE 1 10/01/53","N"
67321,110,,"BRF KREDIT",,"NYKREDIT BANK A/S","BRFK",,"DK0009398976","AUCTIONS",0,0,"JYKRE 0 1/2 10/01/50",2006,"S","REJECTED",2020-07-30 10:59:25,0,177.425,"Y","BRFK JYKRE 0 1/2 10/01/50","N"
47202,7,,"NORDEA TREASURY NDMB",,"NYKREDIT BANK A/S","NDEA",,"DK0002040641","AUCTIONS",0,0,"NDASS 1 10/01/40",2011,"S","REJECTED",2020-04-30 09:16:16,0,173.23,"Y","NDEA NDASS 1 10/01/40","N"
52506,1,,"INTERCAPITAL",,"NYKREDIT BANK A/S","ICAP",,"XS1062737587","VCON",100.263,5000000,"DNBNO FLOAT 04/30/21 EMTN",54042,"B","ACCEPTED",2020-06-02 10:33:39,0,171.965,"Y","ICAP DNBNO FLOAT 04/30/21 EMTN","N"
73203,52,,"NYKREDIT BANK A/S",,"NYKREDIT BANK A/S","NYBK",,"DK0009521684","AUCTIONS",100.36,25000000,"NYKRE 01/01/23",2006,"S","ACCEPTED",2020-08-31 09:38:11,-9997,175.595,"Y","NYBK NYKRE 01/01/23","N"
66901,7,,"BRF KREDIT",,"NYKREDIT BANK A/S","BRFK",,"DK0009393746","AUCTIONS",0,0,"JYKRE 1 1/2 10/01/50",2006,"S","REJECTED",2020-07-28 09:33:34,0,176.795,"Y","BRFK JYKRE 1 1/2 10/01/50","N"
73228,82,,"NYKREDIT BANK A/S","--","NYKREDIT BANK A/S","NYBK",,"DK0009523540","AUCTIONS",100.38,10000000,"NYKRE 07/01/25",2012,"B","ACCEPTED",2020-08-31 10:30:10,-7.74,175.445,"Y","NYBK NYKRE 07/01/25","N"
73229,120,,"DLR KREDIT AS",,"NYKREDIT BANK A/S","DLRK",,"DK0006348594","AUCTIONS",105.23,70000000,"DLRKRE 1 10/01/24",2041,"S","ACCEPTED",2020-08-31 10:58:51,-0.27,175.315,"Y","DLRK DLRKRE 1 10/01/24","N"
47213,43,,"NYKREDIT BANK A/S",,"NYKREDIT BANK A/S","NYBK",,"DK0009521254","AUCTIONS",100.7,2000000,"NYKRE 1 1/2 10/01/50",2013,"S","ACCEPTED",2020-04-30 10:12:43,1.468,173.3,"Y","NYBK NYKRE 1 1/2 10/01/50","N"
66913,3,,"BRF KREDIT",,"NYKREDIT BANK A/S","BRFK",,"DK0009392342","AUCTIONS",0,0,"JYKRE 1 1/2 10/01/40",2019,"S","REJECTED",2020-07-28 10:37:12,0,176.885,"Y","BRFK JYKRE 1 1/2 10/01/40","N"
52311,2,,"NYKREDIT BANK A/S","--","JYSKE BANK AS","NYBK",,"DK0009522229","AUCTIONS",100.25,1000000,"NYKRE 10/01/22",2028,"B","ACCEPTED",2020-05-29 11:10:36,19.87,172.115,"Y","NYBK NYKRE 10/01/22","N"
67315,6,,"NORDEA TREASURY NDMB",,"NYKREDIT BANK A/S","NDEA",,"DK0002046689","AUCTIONS",0,0,"NDASS 07/01/22",2012,"S","REJECTED",2020-07-30 10:04:01,0,177.215,"Y","NDEA NDASS 07/01/22","N"
52315,4,,"TRADITION N.A.",,"NYKREDIT BANK A/S","TRDN",,"DK0009923054","VCON",106.939,250000000,"DGB 1 1/2 11/15/23",57273,"S","ACCEPTED",2020-05-29 12:49:11,-0.4886,172.215,"Y","TRDN DGB 1 1/2 11/15/23","N"
67323,36,,"NORDEA TREASURY NDMB",,"NYKREDIT BANK A/S","NDEA",,"DK0002046333","AUCTIONS",0,0,"NDASS 10/01/40",2036,"S","REJECTED",2020-07-30 11:20:35,0,177.365,"Y","NDEA NDASS 10/01/40","N"
52502,1,,"ING",,"NYKREDIT BANK A/S","ING",,"XS1564320080","VCON",100.61,4455000,"DANBNK 0 1/8 02/14/22 EMTN",50001,"B","ACCEPTED",2020-06-02 09:58:32,-0.2334,172.115,"Y","ING DANBNK 0 1/8 02/14/22 EMTN","N"
52607,12,,"DLR KREDIT AS",,"NYKREDIT BANK A/S","DLRK",,"DK0006347869","AUCTIONS",0,0,"DLRKRE 1 10/01/40",2018,"S","REJECTED",2020-06-02 13:48:53,0,171.835,"Y","DLRK DLRKRE 1 10/01/40","N"
67333,18,,"NYKREDIT BANK A/S",,"NYKREDIT BANK A/S","NYBK",,"DK0004924933","AUCTIONS",95.4,5000000,"LNDSBK 0 1/2 10/01/50",2093,"S","ACCEPTED",2020-07-30 13:04:03,0.831,177.615,"Y","NYBK LNDSBK 0 1/2 10/01/50","N"
67337,42,,"NYKREDIT BANK A/S","--","SPAR NORD BANK A/S","NYBK",,"DK0009519357","AUCTIONS",108.05,15000000,"NYKRE 1 01/01/29",2106,"B","ACCEPTED",2020-07-30 13:23:59,0.04,177.615,"Y","NYBK NYKRE 1 01/01/29","N"
67338,4,,"NYKREDIT BANK A/S","--","SYDBANK A/S","NYBK",,"DK0009523037","AUCTIONS",100.34,25000000,"NYKRE 04/01/23",2112,"B","ACCEPTED",2020-07-30 13:33:47,-9.67,177.645,"Y","NYBK NYKRE 04/01/23","N"
73110,222,,"BRF KREDIT",,"NYKREDIT BANK A/S","BRFK",,"DK0009397739","AUCTIONS",0,0,"JYKRE 1 10/01/50",2039,"S","REJECTED",2020-08-28 11:57:44,0,175.615,"Y","BRFK JYKRE 1 10/01/50","N"
70612,2,,"NYKREDIT REALKREDIT.","--","DANSKE BANK A/S","NYBK",,"DK0009526212","AUCTIONS",101.275,200000000,"NYKRE 1 07/01/21",2001,"B","ACCEPTED",2020-08-18 09:39:29,-0.471,176.455,"Y","NYBK NYKRE 1 07/01/21","N"
70703,20,,"NYKREDIT BANK A/S","--","SKANDINAVISKA ENSKILDA BANKEN AB","NYBK",,"DK0009525834","AUCTIONS",105.66,25000000,"NYKRE 1 04/01/25",2055,"B","ACCEPTED",2020-08-18 12:19:42,-0.22,176.275,"Y","NYBK NYKRE 1 04/01/25","N"
49610,10,,"NYKREDIT REALKREDIT.","--","NORDEA BANK ABP","NYBK",,"DK0009523979","AUCTIONS",100.871,5000000,"NYKRE 1 01/01/21",2013,"B","ACCEPTED",2020-05-13 13:28:14,-0.375,173.675,"Y","NYBK NYKRE 1 01/01/21","N"
49611,4,,"NYKREDIT REALKREDIT.","--","NORDEA BANK ABP","NYBK",,"DK0009523623","AUCTIONS",101.19,5000000,"NYKRE 1 04/01/21",2020,"B","ACCEPTED",2020-05-13 13:28:40,-0.348,173.675,"Y","NYBK NYKRE 1 04/01/21","N"
49310,1,,"NYKREDIT REALKREDIT.","--","SYDBANK A/S","NYBK",,"DK0009527889","AUCTIONS",101.73,1000000,"NYKRE 1 10/01/21",2014,"B","ACCEPTED",2020-05-12 13:16:41,-0.248,173.075,"Y","NYBK NYKRE 1 10/01/21","N"
67904,16,,"NYKREDIT BANK A/S",,"NYKREDIT BANK A/S","NYBK",,"DK0004924503","AUCTIONS",97.925,5000000,"LNDSBK 0 1/2 10/01/40",2004,"S","ACCEPTED",2020-08-05 10:36:56,0.72,177.655,"Y","NYBK LNDSBK 0 1/2 10/01/40","N"
73102,76,,"NYKREDIT BANK A/S",,"NYKREDIT BANK A/S","NYBK",,"DK0009526139","AUCTIONS",106.07,100000000,"NYKRE 1 07/01/25",2006,"S","ACCEPTED",2020-08-28 09:21:23,-0.25,175.165,"Y","NYBK NYKRE 1 07/01/25","N"
73104,187,,"NYKREDIT BANK A/S","--","NORDEA BANK ABP","NYBK",,"DK0009518979","AUCTIONS",100.37,25000000,"NYKRE 10/01/22",2013,"B","ACCEPTED",2020-08-28 09:38:25,-4.57,175.225,"Y","NYBK NYKRE 10/01/22","N"
73113,237,,"BRF KREDIT",,"NYKREDIT BANK A/S","BRFK",,"DK0009397069","AUCTIONS",0,0,"JYKRE 1 10/01/50",2046,"S","REJECTED",2020-08-28 12:27:29,0,175.575,"Y","BRFK JYKRE 1 10/01/50","N"
72311,40,,"BRF KREDIT",,"NYKREDIT BANK A/S","BRFK",,"DK0009399008","AUCTIONS",96,10000000,"JYKRE 0 1/2 10/01/50",2038,"S","ACCEPTED",2020-08-25 13:03:34,0.719,176.135,"Y","BRFK JYKRE 0 1/2 10/01/50","N"
70619,1,,"DLR KREDIT AS",,"NYKREDIT BANK A/S","DLRK",,"DK0006347513","AUCTIONS",0,0,"DLRKRE 1 04/01/21",2002,"S","REJECTED",2020-08-18 09:53:19,0,176.395,"Y","DLRK DLRKRE 1 04/01/21","N"
49402,2,,"NYKREDIT BANK A/S",,"NYKREDIT BANK A/S","NYBK",,"DK0004921756","AUCTIONS",99.7,5000000,"LNDSBK 07/01/21",2038,"S","ACCEPTED",2020-05-12 14:35:26,27.66,172.975,"Y","NYBK LNDSBK 07/01/21","N"
70628,10,,"BRF KREDIT",,"NYKREDIT BANK A/S","BRFK",,"DK0009398117","AUCTIONS",0,0,"JYKRE 1 04/01/22",2053,"S","REJECTED",2020-08-18 10:04:13,0,176.355,"Y","BRFK JYKRE 1 04/01/22","N"
72310,24,,"BRF KREDIT",,"NYKREDIT BANK A/S","BRFK",,"DK0009399354","AUCTIONS",0,0,"JYKRE 1 10/01/21",2005,"S","REJECTED",2020-08-25 10:47:53,0,176.135,"Y","BRFK JYKRE 1 10/01/21","N"
73108,511,,"NYKREDIT BANK A/S","--","NORDEA BANK ABP","NYBK",,"DK0009524357","AUCTIONS",98.65,40000000,"NYKRE 0 1/2 10/01/40",2027,"B","ACCEPTED",2020-08-28 10:58:26,0.644,175.265,"Y","NYBK NYKRE 0 1/2 10/01/40","N"
70633,52,,"NYKREDIT BANK A/S","--","SYDBANK A/S","NYBK",,"DK0009512691","AUCTIONS",100.475,7500000,"NYKRE 10/01/30",2024,"B","ACCEPTED",2020-08-18 10:53:51,-0.1,176.445,"Y","NYBK NYKRE 10/01/30","N"
73115,40,,"BRF KREDIT",,"NYKREDIT BANK A/S","BRFK",,"DK0009391021","AUCTIONS",0,0,"JYKRE 1 04/01/23",2052,"S","REJECTED",2020-08-28 12:38:38,0,175.625,"Y","BRFK JYKRE 1 04/01/23","N"
73109,124,,"DLR KREDIT AS",,"NYKREDIT BANK A/S","DLRK",,"DK0006348677","AUCTIONS",98.575,50000000,"DLRKRE 0 1/2 10/01/40",2011,"S","ACCEPTED",2020-08-28 11:06:59,0.65,175.265,"Y","DLRK DLRKRE 0 1/2 10/01/40","N"
73111,298,,"NORDEA TREASURY NDMB",,"NYKREDIT BANK A/S","NDEA",,"DK0002044551","AUCTIONS",0,0,"NDASS 1 10/01/50",2027,"S","REJECTED",2020-08-28 12:05:41,0,175.595,"Y","NDEA NDASS 1 10/01/50","N"
73112,2,,"ENSKILDA SECURITIES",,"NYKREDIT BANK A/S","SEB",,"SE0007525654","VCON",101.816,15000000,"SWEDA 1 06/15/22 191",55526,"S","ACCEPTED",2020-08-28 12:07:16,-0.015,175.595,"Y","SEB SWEDA 1 06/15/22 191","N"
73119,49,,"NYKREDIT BANK A/S","--","NYKREDIT BANK A/S","NYBK",,"DK0009527376","AUCTIONS",98.125,20000000,"NYKRE 1 10/01/53",2053,"B","ACCEPTED",2020-08-28 13:22:36,1.102,175.615,"Y","NYBK NYKRE 1 10/01/53","N"
73117,125,,"NYKREDIT BANK A/S",,"NYKREDIT BANK A/S","NYBK",,"DK0009526485","AUCTIONS",100.25,25000000,"NYKRE 04/01/22",2046,"S","ACCEPTED",2020-08-28 12:41:44,-10.55,175.655,"Y","NYBK NYKRE 04/01/22","N"
73124,5,,"NYKREDIT BANK A/S","--","NYKREDIT BANK A/S","NYBK",,"DK0009529661","AUCTIONS",99.95,5000000,"NYKRE 10/01/33",2066,"B","ACCEPTED",2020-08-28 14:08:57,0.009,175.575,"Y","NYBK NYKRE 10/01/33","N"
73120,43,,"NYKREDIT BANK A/S","--","SPAR NORD BANK A/S","NYBK",,"DK0009524001","AUCTIONS",107.9,5000000,"NYKRE 1 01/01/30",2058,"B","ACCEPTED",2020-08-28 13:47:48,0.15,175.555,"Y","NYBK NYKRE 1 01/01/30","N"
73121,122,,"DLR KREDIT AS",,"NYKREDIT BANK A/S","DLRK",,"DK0006347786","AUCTIONS",0,0,"DLRKRE 07/01/22",2034,"S","REJECTED",2020-08-28 13:48:09,0,175.555,"Y","DLRK DLRKRE 07/01/22","N"
73126,60,,"NYKREDIT BANK A/S","--","NORDEA BANK ABP","NYBK",,"DK0009527293","AUCTIONS",98.925,25000000,"NYKRE 1 10/01/53",2074,"B","ACCEPTED",2020-08-28 14:49:50,1.077,175.645,"Y","NYBK NYKRE 1 10/01/53","N"
73125,42,,"NYKREDIT BANK A/S","--","NORDEA BANK ABP","NYBK",,"DK0009796864","AUCTIONS",103.89,20000000,"NYKRE 1 07/01/23",2067,"B","ACCEPTED",2020-08-28 14:27:28,-0.36,175.625,"Y","NYBK NYKRE 1 07/01/23","N"
73127,101,,"NORDEA TREASURY NDMB",,"NYKREDIT BANK A/S","NDEA",,"DK0002045798","AUCTIONS",0,0,"NDASS 1 04/01/25",2051,"S","REJECTED",2020-08-28 14:51:52,0,175.635,"Y","NDEA NDASS 1 04/01/25","N"
70714,4,,"DLR KREDIT AS",,"NYKREDIT BANK A/S","DLRK",,"DK0006350301","AUCTIONS",0,0,"DLRKRE 1 04/01/22",2063,"S","REJECTED",2020-08-18 13:04:37,0,176.325,"Y","DLRK DLRKRE 1 04/01/22","N"
56301,7,,"DLR KREDIT AS",,"NYKREDIT BANK A/S","DLRK",,"DK0006345731","AUCTIONS",0,0,"DLRKRE 07/01/23",2005,"S","REJECTED",2020-06-22 12:58:59,0,176.015,"Y","DLRK DLRKRE 07/01/23","N"
72510,159,,"DLR KREDIT AS",,"NYKREDIT BANK A/S","DLRK",,"DK0006348164","AUCTIONS",99.8,60000000,"DLRKRE 1 10/01/50",2011,"S","ACCEPTED",2020-08-26 10:48:58,1.018,175.865,"Y","DLRK DLRKRE 1 10/01/50","N"
70721,107,,"NORDEA TREASURY NDMB",,"NYKREDIT BANK A/S","NDEA",,"DK0002043744","AUCTIONS",0,0,"NDASS 1 10/01/24",2024,"S","REJECTED",2020-08-18 13:17:08,0,176.325,"Y","NDEA NDASS 1 10/01/24","N"
72511,45,,"NYKREDIT REALKREDIT","--","DANMARKS NATIONALBANK","NYKJ",,"DK0009517575","AUCTIONS",100.526,4000000,"NYKRE 1 01/01/21",2000,"B","ACCEPTED",2020-08-26 10:51:51,-0.521,175.825,"Y","NYKJ NYKRE 1 01/01/21","N"
72512,45,,"NYKREDIT REALKREDIT","--","DANMARKS NATIONALBANK","NYKJ",,"DK0009517658","AUCTIONS",102.14,10000000,"NYKRE 1 01/01/22",2001,"B","ACCEPTED",2020-08-26 10:52:01,-0.58,175.825,"Y","NYKJ NYKRE 1 01/01/22","N"
72513,45,,"NYKREDIT REALKREDIT","--","DANMARKS NATIONALBANK","NYKJ",,"DK0009517732","AUCTIONS",103.78,10000000,"NYKRE 1 01/01/23",2002,"B","ACCEPTED",2020-08-26 10:52:10,-0.6,175.825,"Y","NYKJ NYKRE 1 01/01/23","N"
72514,45,,"NYKREDIT REALKREDIT","--","DANMARKS NATIONALBANK","NYKJ",,"DK0009517815","AUCTIONS",105.35,10000000,"NYKRE 1 01/01/24",2003,"B","ACCEPTED",2020-08-26 10:52:19,-0.58,175.825,"Y","NYKJ NYKRE 1 01/01/24","N"
72515,45,,"NYKREDIT REALKREDIT","--","DANMARKS NATIONALBANK","NYKJ",,"DK0009518037","AUCTIONS",106.81,10000000,"NYKRE 1 01/01/25",2004,"B","ACCEPTED",2020-08-26 10:52:27,-0.54,175.825,"Y","NYKJ NYKRE 1 01/01/25","N"
72516,45,,"NYKREDIT REALKREDIT","--","DANMARKS NATIONALBANK","NYKJ",,"DK0009518110","AUCTIONS",108.16,10000000,"NYKRE 1 01/01/26",2005,"B","ACCEPTED",2020-08-26 10:52:36,-0.5,175.825,"Y","NYKJ NYKRE 1 01/01/26","N"
72517,45,,"NYKREDIT REALKREDIT","--","DANMARKS NATIONALBANK","NYKJ",,"DK0009518383","AUCTIONS",109.38,10000000,"NYKRE 1 01/01/27",2006,"B","ACCEPTED",2020-08-26 10:52:47,-0.45,175.825,"Y","NYKJ NYKRE 1 01/01/27","N"
72518,45,,"NYKREDIT REALKREDIT","--","DANMARKS NATIONALBANK","NYKJ",,"DK0009518466","AUCTIONS",110.48,10000000,"NYKRE 1 01/01/28",2007,"B","ACCEPTED",2020-08-26 10:52:55,-0.4,175.825,"Y","NYKJ NYKRE 1 01/01/28","N"
72519,45,,"NYKREDIT REALKREDIT","--","DANMARKS NATIONALBANK","NYKJ",,"DK0009518540","AUCTIONS",111.48,10000000,"NYKRE 1 01/01/29",2008,"B","ACCEPTED",2020-08-26 10:53:02,-0.35,175.825,"Y","NYKJ NYKRE 1 01/01/29","N"
72520,29,,"NYKREDIT REALKREDIT","--","DANMARKS NATIONALBANK","NYKJ",,"DK0009523896","AUCTIONS",112.4,195000000,"NYKRE 1 01/01/30",2009,"B","ACCEPTED",2020-08-26 10:53:10,-0.31,175.825,"Y","NYKJ NYKRE 1 01/01/30","N"
58509,33,,"NYKREDIT BANK A/S","--","DANSKE BANK A/S","NYBK",,"DK0009518706","AUCTIONS",100.325,15000000,"NYKRE 0 1/2 10/01/35",2115,"B","ACCEPTED",2020-06-25 13:53:40,0.455,176.595,"Y","NYBK NYKRE 0 1/2 10/01/35","N"
72610,22,,"BRF KREDIT",,"NYKREDIT BANK A/S","BRFK",,"DK0009397499","AUCTIONS",0,0,"JYKRE 07/01/23",2024,"S","REJECTED",2020-08-26 14:15:07,0,175.545,"Y","BRFK JYKRE 07/01/23","N"
45311,6,,"BRF KREDIT",,"NYKREDIT BANK A/S","BRFK",,"DK0009393902","AUCTIONS",0,0,"JYKRE 1 10/01/40",2023,"S","REJECTED",2020-04-22 14:00:30,0,172.45,"Y","BRFK JYKRE 1 10/01/40","N"
72612,9,,"NORDEA TREASURY NDMB",,"NYKREDIT BANK A/S","NDEA",,"DK0002047224","AUCTIONS",0,0,"NDASS 1 10/01/53",2032,"S","REJECTED",2020-08-26 14:33:36,0,175.515,"Y","NDEA NDASS 1 10/01/53","N"
72613,145,,"NORDEA TREASURY NDMB",,"NYKREDIT BANK A/S","NDEA",,"DK0002044635","AUCTIONS",0,0,"NDASS 0 1/2 10/01/40",2038,"S","REJECTED",2020-08-26 14:38:59,0,175.485,"Y","NDEA NDASS 0 1/2 10/01/40","N"
72619,91,,"NYKREDIT BANK A/S","--","DANSKE BANK A/S","NYBK",,"DK0009525248","AUCTIONS",95.85,15000000,"NYKRE 10/01/40",2082,"B","ACCEPTED",2020-08-26 16:00:23,0.436,175.625,"Y","NYBK NYKRE 10/01/40","N"
48405,4,,"TRADITION N.A.",,"NYKREDIT BANK A/S","TRDN",,"DK0009922320","VCON",188.999,60000000,"DGB 4 1/2 11/15/39",54149,"S","ACCEPTED",2020-05-06 10:55:58,-0.0415,173.98,"Y","TRDN DGB 4 1/2 11/15/39","N"
69201,294,,"NORDEA TREASURY NDMB",,"NYKREDIT BANK A/S","NDEA",,"DK0002044718","AUCTIONS",0,0,"NDASS 1 10/01/50",2010,"S","REJECTED",2020-08-11 12:20:46,0,176.985,"Y","NDEA NDASS 1 10/01/50","N"
67559,168,,"NORDEA TREASURY NDMB",,"NYKREDIT BANK A/S","NDEA",,"DK0002046176","AUCTIONS",97,12500000,"NDASS 0 1/2 10/01/50",2079,"S","ACCEPTED",2020-07-31 14:33:45,0.713,177.905,"Y","NDEA NDASS 0 1/2 10/01/50","N"
55507,13,,"NYKREDIT BANK A/S",,"NYKREDIT BANK A/S","NYBK",,"DK0004925237","AUCTIONS",100.911,5000000,"LNDSBK 1 04/01/21",2020,"S","ACCEPTED",2020-06-18 10:44:09,-0.173,175.225,"Y","NYBK LNDSBK 1 04/01/21","N"
55509,5,,"NYKREDIT BANK A/S","--","JYSKE BANK AS","NYBK",,"DK0004925310","AUCTIONS",102.06,1000000,"LNDSBK 1 04/01/22",2022,"B","ACCEPTED",2020-06-18 10:53:03,-0.16,175.305,"Y","NYBK LNDSBK 1 04/01/22","N"
55514,7,,"NYKREDIT BANK A/S",,"NYKREDIT BANK A/S","NYBK",,"DK0004923455","AUCTIONS",104.06,1000000,"LNDSBK 1 04/01/24",2030,"S","ACCEPTED",2020-06-18 10:53:29,-0.07,175.305,"Y","NYBK LNDSBK 1 04/01/24","N"
69210,2,,"NORDEA TREASURY NDMB",,"NYKREDIT BANK A/S","NDEA",,"DK0002046762","AUCTIONS",0,0,"NDASS 1 10/01/25",2022,"S","REJECTED",2020-08-11 13:27:19,0,176.875,"Y","NDEA NDASS 1 10/01/25","N"
55513,6,,"NYKREDIT BANK A/S",,"NYKREDIT BANK A/S","NYBK",,"DK0004921400","AUCTIONS",103.16,1000000,"LNDSBK 1 04/01/23",2027,"S","ACCEPTED",2020-06-18 10:52:55,-0.14,175.305,"Y","NYBK LNDSBK 1 04/01/23","N"
66404,3,,"NYKREDIT BANK A/S","--","SKANDINAVISKA ENSKILDA BANKEN AB","NYBK",,"DK0009524860","AUCTIONS",98.3,5000000,"NYKRE 1 10/01/50",2048,"B","ACCEPTED",2020-07-23 12:57:59,1.127,176.765,"Y","NYBK NYKRE 1 10/01/50","N"
55606,15,,"BRF KREDIT",,"NYKREDIT BANK A/S","BRFK",,"DK0009396764","AUCTIONS",0,0,"JYKRE 10/01/30",2021,"S","REJECTED",2020-06-18 14:17:11,0,175.615,"Y","BRFK JYKRE 10/01/30","N"
59309,5,,"BRF KREDIT",,"NYKREDIT BANK A/S","BRFK",,"DK0009396921","AUCTIONS",0,0,"JYKRE 0 1/2 10/01/35",2006,"S","REJECTED",2020-06-29 11:01:25,0,176.565,"Y","BRFK JYKRE 0 1/2 10/01/35","N"
69301,325,,"NYKREDIT BANK A/S","--","SYDBANK A/S","NYBK",,"DK0009523466","AUCTIONS",100.21,10000000,"NYKRE 01/01/22",2055,"B","ACCEPTED",2020-08-11 15:52:32,2.88,176.675,"Y","NYBK NYKRE 01/01/22","N"
67564,2,,"NORDEA TREASURY NDMB",,"NYKREDIT BANK A/S","NDEA",,"DK0002047141","AUCTIONS",0,0,"NDASS 0 1/2 10/01/43",2085,"S","REJECTED",2020-07-31 15:13:59,0,177.625,"Y","NDEA NDASS 0 1/2 10/01/43","N"
70726,40,,"NYKREDIT BANK A/S","--","NYKREDIT BANK A/S","NYBK",,"DK0004924347","AUCTIONS",98.375,3000000,"LNDSBK 1 10/01/50",2105,"B","ACCEPTED",2020-08-18 14:36:53,1.122,176.225,"Y","NYBK LNDSBK 1 10/01/50","N"
70801,192,,"NYKREDIT BANK A/S","--","NYKREDIT BANK A/S","NYBK",,"DK0009525321","AUCTIONS",95.725,20000000,"NYKRE 0 1/2 10/01/50",2112,"B","ACCEPTED",2020-08-18 15:33:56,0.735,176.285,"Y","NYBK NYKRE 0 1/2 10/01/50","N"
71103,32,,"DLR KREDIT AS",,"NYKREDIT BANK A/S","DLRK",,"DK0006348834","AUCTIONS",0,0,"DLRKRE 1 01/01/21",2102,"S","REJECTED",2020-08-19 13:46:26,0,176.785,"Y","DLRK DLRKRE 1 01/01/21","N"
58811,2,,"NYKREDIT REALKREDIT.","--","NORDEA BANK ABP","NYBK",,"DK0009514390","AUCTIONS",100.4,75000000,"NYKRE 10/01/22",2000,"B","ACCEPTED",2020-06-26 09:49:11,20.31,176.585,"Y","NYBK NYKRE 10/01/22","N"
58813,6,,"BRF KREDIT",,"NYKREDIT BANK A/S","BRFK",,"DK0009403560","AUCTIONS",0,0,"JYKRE 07/01/24",2023,"S","REJECTED",2020-06-26 09:51:57,0,176.585,"Y","BRFK JYKRE 07/01/24","N"
70926,4,,"DLR KREDIT AS",,"NYKREDIT BANK A/S","DLRK",,"DK0006350145","AUCTIONS",0,0,"DLRKRE 1 04/01/24",2007,"S","REJECTED",2020-08-19 09:58:47,0,176.655,"Y","DLRK DLRKRE 1 04/01/24","N"
68208,11,,"NYKREDIT BANK A/S","--","NORDEA BANK ABP","NYBK",,"DK0009507931","AUCTIONS",111.85,10000000,"NYKRE 2 01/01/26",2063,"B","ACCEPTED",2020-08-06 13:11:27,-0.18,177.615,"Y","NYBK NYKRE 2 01/01/26","N"
58905,4,,"NYKREDIT BANK A/S","--","NORDEA BANK ABP","NYBK",,"DK0004924180","AUCTIONS",100.1,2000000,"LNDSBK 1 10/01/40",2038,"B","ACCEPTED",2020-06-26 10:18:02,0.993,176.575,"Y","NYBK LNDSBK 1 10/01/40","N"
70934,16,,"DLR KREDIT AS",,"NYKREDIT BANK A/S","DLRK",,"DK0006350061","AUCTIONS",0,0,"DLRKRE 1 04/01/23",2039,"S","REJECTED",2020-08-19 09:56:29,0,176.645,"Y","DLRK DLRKRE 1 04/01/23","N"
68209,8,,"NYKREDIT BANK A/S","--","NORDEA BANK ABP","NYBK",,"DK0009527616","AUCTIONS",102.1,5000000,"NYKRE 1 1/2 10/01/53",2070,"B","ACCEPTED",2020-08-06 13:23:48,1.364,177.665,"Y","NYBK NYKRE 1 1/2 10/01/53","N"
58911,79,,"NYKREDIT BANK A/S","--","SYDBANK A/S","NYBK",,"DK0009503195","AUCTIONS",103.41,25000000,"NYKRE 1 01/01/23",2068,"B","ACCEPTED",2020-06-26 11:08:45,-0.352,176.585,"Y","NYBK NYKRE 1 01/01/23","N"
70938,6,,"NORDEA TREASURY NDMB",,"NYKREDIT BANK A/S","NDEA",,"DK0002047307","AUCTIONS",98.325,50000000,"NDASS 1 10/01/53",2012,"S","ACCEPTED",2020-08-19 10:28:55,1.091,176.695,"Y","NDEA NDASS 1 10/01/53","N"
58918,5,,"NYKREDIT BANK A/S",,"NYKREDIT BANK A/S","NYBK",,"DK0009514986","AUCTIONS",100.06,5000000,"NYKRE 10/01/21",2091,"S","ACCEPTED",2020-06-26 12:33:41,20.25,176.5,"Y","NYBK NYKRE 10/01/21","N"
71105,4,,"DLR KREDIT AS",,"NYKREDIT BANK A/S","DLRK",,"DK0006348917","AUCTIONS",0,0,"DLRKRE 1 01/01/22",2108,"S","REJECTED",2020-08-19 13:48:48,0,176.775,"Y","DLRK DLRKRE 1 01/01/22","N"
71003,15,,"BRF KREDIT",,"NYKREDIT BANK A/S","BRFK",,"DK0009398380","AUCTIONS",0,0,"JYKRE 1 04/01/30",2081,"S","REJECTED",2020-08-19 11:56:31,0,176.715,"Y","BRFK JYKRE 1 04/01/30","N"
71010,11,,"NYKREDIT REALKREDIT.","--","SYDBANK A/S","NYBK",,"DK0009513079","AUCTIONS",102.62,30000000,"NYKRE 1 07/01/22",2004,"B","ACCEPTED",2020-08-19 12:45:45,-0.4,176.765,"Y","NYBK NYKRE 1 07/01/22","N"
71024,13,,"DLR KREDIT AS",,"NYKREDIT BANK A/S","DLRK",,"DK0006350228","AUCTIONS",0,0,"DLRKRE 1 04/01/25",2074,"S","REJECTED",2020-08-19 12:52:03,0,176.825,"Y","DLRK DLRKRE 1 04/01/25","N"
71101,4,,"NYKREDIT REALKREDIT.","--","NORDEA BANK ABP","NYBK",,"DK0009522492","AUCTIONS",103.02,5000000,"NYKRE 1 10/01/22",2007,"B","ACCEPTED",2020-08-19 13:28:49,-0.42,176.825,"Y","NYBK NYKRE 1 10/01/22","N"
59004,24,,"NYKREDIT BANK A/S","--","NYKREDIT BANK A/S","NYBK",,"DK0009528424","AUCTIONS",100.775,7500000,"NYKRE 1 1/2 10/01/53",2152,"B","ACCEPTED",2020-06-26 14:57:39,1.467,176.585,"Y","NYBK NYKRE 1 1/2 10/01/53","N"
71107,3,,"DLR KREDIT AS",,"NYKREDIT BANK A/S","DLRK",,"DK0006343603","AUCTIONS",0,0,"DLRKRE 1 01/01/23",2114,"S","REJECTED",2020-08-19 13:59:20,0,176.735,"Y","DLRK DLRKRE 1 01/01/23","N"
71108,12,,"NORDEA TREASURY NDMB",,"NYKREDIT BANK A/S","NDEA",,"DK0002042779","AUCTIONS",0,0,"NDASS 1 04/01/24",2023,"S","REJECTED",2020-08-19 14:01:40,0,176.735,"Y","NDEA NDASS 1 04/01/24","N"
71111,4,,"NYKREDIT BANK A/S","--","SYDBANK A/S","NYBK",,"DK0009529588","AUCTIONS",100.475,15000000,"NYKRE 0 1/2 10/01/38",2106,"B","ACCEPTED",2020-08-19 14:19:27,0.442,176.615,"Y","NYBK NYKRE 0 1/2 10/01/38","N"
49912,6,,"BRF KREDIT",,"NYKREDIT BANK A/S","BRFK",,"DK0009392425","AUCTIONS",102.925,15000000,"JYKRE 2 10/01/50",2006,"S","ACCEPTED",2020-05-14 14:17:55,1.791,173.765,"Y","BRFK JYKRE 2 10/01/50","N"
64105,12,,"NYKREDIT BANK A/S","--","SKANDINAVISKA ENSKILDA BANKEN AB","NYBK",,"DK0009502544","AUCTIONS",103.4,15000000,"NYKRE 1 04/01/23",2038,"B","ACCEPTED",2020-07-14 12:50:39,-0.25,175.785,"Y","NYBK NYKRE 1 04/01/23","N"
