USI/UTI;Trade ID;Trade Type;SubType;Ext Trade ID;External System;Status;Company;Desk;Book;Customer;Trade Date;Trader;Broker;Ccy;Security ID;Deal ID;Structure ID;Amended Date;Expiry Date;Start Date;Maturity Date;Comments;Description;Ccy Pair;Security Type;Notional;Status Desc;Trade Entry Date;Security Sub Type;Collateral;Marketer;Buy / Sell;Put / Call;Strike;Common Reference;Equity Id;Equity Type;Equity Exchange;Clearing House;Clearing Member;Clearing Model;Trade Cleared;Is P&L Trade;Street Trade;Allocation Trade Type;Legal Entity;UPI;Novated From;Executing Broker;Insolvency;Insolvency Cpty;Package ID;Affirmation ID;Clearing House ID;Clearing Broker ID;MarkIt ID;Ticker ID;Common Reference 1;Common Reference 2;Unique Product ID;MarkIt Link ID;Legal Entity Id;Reported Trade Version;RT Reporting Status;RT Reporting Timestamp;PET Reporting Status;PET Reporting Timestamp;Confirmation Reporting Status;Confirmation Reporting Timestamp;Matching Status;Latest Trioptima Compression Cycle;Trioptima Trade ID;DTCC Counterparty Desk ID;DTCC Counterparty Super ID;SEF ID;T2S Compliant
;0015454415;Bond;;000189LQ;IDEAS;Done;NYK_MARKETS;CREDIT_TRAD;OTHER_CREDIT;MSTL;26-05-2020;GITINDB;;EUR;VIVFP1.125_12/11/28;IDEAS_DT;;26-05-2020;;28-05-2020;11-09-2028;EC;S 0.1M 97.822000 -s 28/05/20 ;;EURO;-100.000,00;Done;26-05-2020;;N;;SELL;;;85000-10;;;;;;;NONE;Y;Y;NORMAL;COPENHAGEN;;;;;;;;;;;;;;;;4PQUHN3JPFGFNF3BB653;;;;;;;;;;;;;;N
;6558636N1;Swap;IRSWAP;;;Verified;NYK_MARKETS;DERIVATER;SWAPS;OPTIONER;26-05-2010;ALHA;;EUR;;;;26-05-2020;;28-05-2010;28-05-2025;;SW/REC 6mEURswapSEMI;;;-40.300.000,00;Verified;26-05-2010;;N;ALHA;BUY;;;;;;;;;;NONE;Y;Y;NORMAL;COPENHAGEN;;;;;;;;;;;;;;;;;;;;;;;;;;;;;;N
;0015454326;Bond;;0001898F;IDEAS;Done;NYK_MARKETS;MARKETMAKING;ILLIKVID;B_DANICAPENS;26-05-2020;CDB;;DKK;RD2.5_OA_01/10/2047;IDEAS;;26-05-2020;;28-05-2020;01-10-2047;DOM;B 61.1M 104.000000 -s 28/05/20 ;;MORTGAGE;61.137.891,13;Done;26-05-2020;KONV;N;;BUY;;;54209-6;;;;;;;NONE;Y;Y;NORMAL;COPENHAGEN;;;;;;;;;;;;;;;;2138004VZX8CSGPTDX68;;;;;;;;;;;;;;N
;0015454336;Bond;;000189BJ;IDEAS;Done;NYK_MARKETS;MARKETMAKING;FLEX;BC_BANKINV;26-05-2020;MCAD;;DKK;1LRF1AP21RF;IDEAS;;26-05-2020;;28-05-2020;06-04-2021;DOM;B 40.0M 100.960000 -s 28/05/20 ;;MORTGAGE;40.000.000,00;Done;26-05-2020;INK;N;;BUY;;;58086-9;;;;;;;NONE;Y;Y;NORMAL;COPENHAGEN;;;;;;;;;;;;;;;;;;;;;;;;;;;;;;N
;0015454306;Bond;;0001895D;IDEAS;Done;NYK_MARKETS;MARKETMAKING;REAL;B_DANICAPENS;26-05-2020;CDB;;DKK;2NDEA2SDROOA50;IDEAS;;26-05-2020;;28-05-2020;03-10-2050;DOM;B 34.5M 102.600000 -s 28/05/20 ;;MORTGAGE;34.500.000,00;Done;26-05-2020;KONV;N;;BUY;;;54209-136;;;;;;;NONE;Y;Y;NORMAL;COPENHAGEN;;;;;;;;;;;;;;;;2138004VZX8CSGPTDX68;;;;;;;;;;;;;;N
;0001974660;Future;;0001894P;BARX;Verified;NYK_MARKETS;MARKETMAKING;STAT;CS;26-05-2020;AXKR;CS;EUR;BUNDDTB / JUN20;NOTICKET;;26-05-2020;;26-05-2020;10-06-2020;;FUT/BUY BUNDDTB/JUN20;;;15,00;Verified;26-05-2020;;N;AXKR;BUY;;;;;;;;;;NONE;Y;Y;NORMAL;COPENHAGEN;;;;;;;;;;;;;;;;;;;;;;;;;;;;;;N
;0015454366;Bond;;000189GP;IDEAS;Done;NYK_MARKETS;CREDIT_TRAD;EUR_CREDIT;DEPOTKUNDER;26-05-2020;KTK;;GBP;EDF6_;IDEAS_DT;;26-05-2020;;28-05-2020;29-01-2026;DOM;B 0.1M 101.750000 -s 28/05/20 in DKK ;;EURO;100.000,00;Done;26-05-2020;PRICE;N;;BUY;;;8110219874;;;;;;;NONE;Y;Y;NORMAL;COPENHAGEN;;;;;;;;;;;;;;;;;;;;;;;;;;;;;;N
;0015454376;Bond;;000189HT;IDEAS;Done;NYK_MARKETS;MARKETMAKING;FLOAT;NYKREDIT_A_S;26-05-2020;LCA;;DKK;RD12F6JU20RF;IDEAS;;26-05-2020;;28-05-2020;01-07-2020;DOM;B 28.7M 100.042518 -s 28/05/20 ;;MORTGAGE;28.700.000,00;Done;26-05-2020;FRN;N;;BUY;;;10600-0;;;;;;;NONE;Y;Y;NORMAL;COPENHAGEN;;;;;;;;;;;;;;;;LIU16F6VZJSD6UKHD557;;;;;;;;;;;;;;N
;0015454356;Bond;;000189G5;BTS;Done;NYK_MARKETS;CREDIT_TRAD;SCAND_CREDIT;CSFBLDN;26-05-2020;SDLA;;USD;AXASA4.5_;;;26-05-2020;;28-05-2020;15-03-2022;EC BTS:189428 XS1489814340;S 0.2M 100.445000 -s 28/05/20 ;;EURO;-220.000,00;Done;26-05-2020;;N;SDLA;SELL;;;CSFBLDN;;;;;;;NONE;Y;Y;NORMAL;COPENHAGEN;;;;;;;;;;;;;;;;E58DKGMJYYYJLN8C3868;;;;;;;;;;;;;;N
;0004787232;FX Spot;;;;Verified;NYK_MARKETS;CREDIT_TRAD;EUR_CREDIT;STRATEGISK;26-05-2020;;;EUR;;;;26-05-2020;;28-05-2020;28-05-2020;;FXSPT EUR/DKK 0.2M @7.466010;EURDKK;;172.309,03;Verified;26-05-2020;;N;;BUY;;;;;;;;;;NONE;Y;Y;NORMAL;COPENHAGEN;;;;;;;;;;;;;;;;;;;;;;;;;;;;;;
;0015454402;Bond;;000189L5;IDEAS;Done;NYK_MARKETS;CREDIT_TRAD;EUR_CREDIT;DEPOTKUNDER;26-05-2020;KTK;;EUR;VW3.875__X;IDEAS_DT;;26-05-2020;;28-05-2020;14-06-2027;DOM;B 0.1M 97.500000 -s 28/05/20 ;;EURO;100.000,00;Done;26-05-2020;;N;;BUY;;;5479417344;;;;;;;NONE;Y;Y;NORMAL;COPENHAGEN;;;;;;;;;;;;;;;;;;;;;;;;;;;;;;N
;0015454412;Bond;;000189LM;BTS;Done;NYK_MARKETS;MARKETMAKING;REAL;BC_DC;26-05-2020;JPED;;DKK;NYKRE0.5_10/01/40;;;26-05-2020;;28-05-2020;01-10-2040;DOM BTS:189462 DK0009524357;S 0.2M 97.339000 -s 28/05/20 ;;MORTGAGE;-180.000,00;Done;26-05-2020;KONV;N;CDB;SELL;;;BC_DC;;;;;;;NONE;Y;Y;NORMAL;COPENHAGEN;;;;;;;;;;;;;;;;;;;;;;;;;;;;;;N
;0004787249;FX Spot;;;;Verified;NYK_MARKETS;CREDIT_TRAD;EUR_CREDIT;STRATEGISK;26-05-2020;;;EUR;;;;26-05-2020;;28-05-2020;28-05-2020;;FXSPT EUR/DKK 0.2M @7.466040;EURDKK;;205.520,55;Verified;26-05-2020;;N;;BUY;;;;;;;;;;NONE;Y;Y;NORMAL;COPENHAGEN;;;;;;;;;;;;;;;;;;;;;;;;;;;;;;
;0004787129;FX Spot;;;;Verified;NYK_MARKETS;CREDIT_TRAD;PFAND_CREDIT;STRATEGISK;26-05-2020;;;EUR;;;;26-05-2020;;28-05-2020;28-05-2020;;FXSPT EUR/DKK 0.5M @7.476140;EURDKK;;507.556,35;Verified;26-05-2020;;N;;BUY;;;;;;;;;;NONE;Y;Y;NORMAL;COPENHAGEN;;;;;;;;;;;;;;;;;;;;;;;;;;;;;;
;0015454327;Bond;;0001898K;IDEAS;Done;NYK_MARKETS;MARKETMAKING;ILLIKVID;B_DANICAPENS;26-05-2020;CDB;;DKK;RD2.5_OA_01/10/2047;IDEAS;;26-05-2020;;28-05-2020;01-10-2047;DOM;B 30.4M 104.000000 -s 28/05/20 ;;MORTGAGE;30.409.527,53;Done;26-05-2020;KONV;N;;BUY;;;54209-46;;;;;;;NONE;Y;Y;NORMAL;COPENHAGEN;;;;;;;;;;;;;;;;2138004VZX8CSGPTDX68;;;;;;;;;;;;;;N
;0015454337;Bond;;000189BL;IDEAS;Done;NYK_MARKETS;MARKETMAKING;FLEX;BC_BANKINV;26-05-2020;MCAD;;DKK;1LRF1JANRF202_22;IDEAS;;26-05-2020;;28-05-2020;03-01-2022;DOM;B 65.0M 101.750000 -s 28/05/20 ;;MORTGAGE;65.000.000,00;Done;26-05-2020;INK;N;;BUY;;;58086-9;;;;;;;NONE;Y;Y;NORMAL;COPENHAGEN;;;;;;;;;;;;;;;;;;;;;;;;;;;;;;N
;0015454307;Bond;;0001895T;IDEAS;Done;NYK_MARKETS;MARKETMAKING;REAL;B_DANICAPENS;26-05-2020;CDB;;DKK;2NDEA2SDROOA50;IDEAS;;26-05-2020;;28-05-2020;03-10-2050;DOM;B 151.5M 102.600000 -s 28/05/20 ;;MORTGAGE;151.515.876,53;Done;26-05-2020;KONV;N;;BUY;;;54209-6;;;;;;;NONE;Y;Y;NORMAL;COPENHAGEN;;;;;;;;;;;;;;;;2138004VZX8CSGPTDX68;;;;;;;;;;;;;;N
;0015454377;Bond;;000189HV;IDEAS;Done;NYK_MARKETS;MARKETMAKING;FLOAT;PPIM_TRYG;26-05-2020;CDB;;DKK;RDKRE0_07/01/24;IDEAS;;26-05-2020;;01-07-2020;01-07-2024;DOM;S 63.2M 100.205000 -s 01/07/20 ;;MORTGAGE;-63.175.000,00;Done;26-05-2020;FRN;N;;SELL;;;58531-6;;;;;;;NONE;Y;Y;NORMAL;COPENHAGEN;;;;;;;;;;;;;;;;213800BIA5L8OPBER229;;;;;;;;;;;;;;N
;0015454347;Bond;;000189DK;IDEAS;Done;NYK_MARKETS;MARKETMAKING;FLOAT;REALKREDIT_D;26-05-2020;OVIX;;DKK;RDKRE0_07/01/24;IDEAS;;26-05-2020;;28-05-2020;01-07-2024;DOM;B 926.4M 100.200000 -s 28/05/20 ;;MORTGAGE;926.351.000,00;Done;26-05-2020;FRN;N;;BUY;;;10001-0;;;;;;;NONE;Y;Y;NORMAL;COPENHAGEN;;;;;;;;;;;;;;;;549300NLOMBOWE943Y30;;;;;;;;;;;;;;N
;0015454357;Bond;;000189G6;BTS;Done;NYK_MARKETS;MARKETMAKING;REAL;BC_CAPG;26-05-2020;AXKR;;DKK;NYKRE0.5_10/01/40;;;26-05-2020;;28-05-2020;01-10-2040;EC BTS:189429 DK0009524357;B 229.7M 97.210000 -s 28/05/20 ;;MORTGAGE;229.733.175,00;Done;26-05-2020;KONV;N;MOEN;BUY;;;BC_CAPG;;;;;;;NONE;Y;Y;NORMAL;COPENHAGEN;;;;;;;;;;;;;;;;;;;;;;;;;;;;;;N
;0015454387;Bond;;000189JD;IDEAS;Done;NYK_MARKETS;MARKETMAKING;FLOAT;BC_PFA;26-05-2020;MOEN;;DKK;RDKRE0_07/01/24;IDEAS;;26-05-2020;;01-07-2020;01-07-2024;DOM;S 426.4M 100.205000 -s 01/07/20 ;;MORTGAGE;-426.351.000,00;Done;26-05-2020;FRN;N;;SELL;;;53103-9;;;;;;;NONE;Y;Y;NORMAL;COPENHAGEN;;;;;;;;;;;;;;;;;;;;;;;;;;;;;;N
;0015454397;Bond;;000189KT;IDEAS;Done;NYK_MARKETS;CREDIT_TRAD;OTHER_CREDIT;AM_91430;26-05-2020;GITINDB;;EUR;CRHID1.625_05/05/30;IDEAS_DT;;26-05-2020;;27-05-2020;05-02-2030;EC;B 0.1M 101.260000 -s 27/05/20 ;;EURO;100.000,00;Done;26-05-2020;;N;;BUY;;;91430-10;;;;;;;NONE;Y;Y;NORMAL;COPENHAGEN;;;;;;;;;;;;;;;;;;;;;;;;;;;;;;N
;0004787292;FX Spot;;;;Verified;NYK_MARKETS;CREDIT_TRAD;EUR_CREDIT;STRATEGISK;26-05-2020;;;EUR;;;;26-05-2020;;28-05-2020;28-05-2020;;FXSPT EUR/DKK 0.1M @7.475740;EURDKK;;86.154,51;Verified;26-05-2020;;N;;BUY;;;;;;;;;;NONE;Y;Y;NORMAL;COPENHAGEN;;;;;;;;;;;;;;;;;;;;;;;;;;;;;;
;0015454403;Bond;;000189L7;IDEAS;Done;NYK_MARKETS;CREDIT_TRAD;SCAND_CREDIT;DEPOTKUNDER;26-05-2020;SDLA;;EUR;SAXOBK5.5_07/03/29;IDEAS_DT;;26-05-2020;;28-05-2020;03-07-2024;DOM;S 0.3M 96.000000 -s 28/05/20 in DKK ;;EURO;-300.000,00;Done;26-05-2020;;N;;SELL;;;8110014664;;;;;;;NONE;Y;Y;NORMAL;COPENHAGEN;;;;;;;;;;;;;;;;;;;;;;;;;;;;;;N
;0015454413;Bond;;000189LN;MTS;Done;NYK_MARKETS;MARKETMAKING;FLEX;NORDEA_FIN;26-05-2020;SRK;;DKK;DGB3_11/15/21;;;26-05-2020;;28-05-2020;15-11-2021;DOM MTS:189465 DK0009922676;S 50.0M 105.178000 -s 28/05/20 ;;BOND;-50.000.000,00;Done;26-05-2020;;N;SRK;SELL;;;NORDEA_FIN;;;;;;;NONE;Y;Y;NORMAL;COPENHAGEN;;;;;;;;;;;;;;;;529900ODI3047E2LIV03;;;;;;;;;;;;;;N
;0004787267;FX Spot;;;;Verified;NYK_MARKETS;CREDIT_TRAD;EUR_CREDIT;STRATEGISK;26-05-2020;;;GBP;;;;26-05-2020;;28-05-2020;28-05-2020;;FXSPT GBP/DKK -0.1M @8.347130;GBPDKK;;-103.728,02;Verified;26-05-2020;;N;;SELL;;;;;;;;;;NONE;Y;Y;NORMAL;COPENHAGEN;;;;;;;;;;;;;;;;;;;;;;;;;;;;;;
;0004787257;FX Spot;;;;Verified;NYK_MARKETS;CREDIT_TRAD;EUR_CREDIT;STRATEGISK;26-05-2020;;;EUR;;;;26-05-2020;;28-05-2020;28-05-2020;;FXSPT EUR/DKK 0.1M @7.476050;EURDKK;;87.778,01;Verified;26-05-2020;;N;;BUY;;;;;;;;;;NONE;Y;Y;NORMAL;COPENHAGEN;;;;;;;;;;;;;;;;;;;;;;;;;;;;;;
;0004787057;FX Spot;;;;Verified;NYK_MARKETS;CREDIT_TRAD;EUR_CREDIT;STRATEGISK;26-05-2020;;;EUR;;;;26-05-2020;;28-05-2020;28-05-2020;;FXSPT EUR/DKK 0.1M @7.475690;EURDKK;;107.762,30;Verified;26-05-2020;;N;;BUY;;;;;;;;;;NONE;Y;Y;NORMAL;COPENHAGEN;;;;;;;;;;;;;;;;;;;;;;;;;;;;;;N
;0004787227;FX Spot;;;;Verified;NYK_MARKETS;CREDIT_TRAD;EUR_CREDIT;STRATEGISK;26-05-2020;;;EUR;;;;26-05-2020;;28-05-2020;28-05-2020;;FXSPT EUR/DKK 0.1M @7.476010;EURDKK;;107.762,30;Verified;26-05-2020;;N;;BUY;;;;;;;;;;NONE;Y;Y;NORMAL;COPENHAGEN;;;;;;;;;;;;;;;;;;;;;;;;;;;;;;
;0015454324;Bond;;00018989;IDEAS;Done;NYK_MARKETS;CREDIT_TRAD;PFAND_CREDIT;DEPOTKUNDER;26-05-2020;DKNI;;EUR;ACAFP6.5_;IDEAS_DT;;26-05-2020;;28-05-2020;23-06-2021;DOM;S 0.2M 103.250000 -s 28/05/20 in DKK ;;EURO;-200.000,00;Done;26-05-2020;COCO;N;;SELL;;;8117195911;;;;;;;NONE;Y;Y;NORMAL;COPENHAGEN;;;;;;;;;;;;;;;;;;;;;;;;;;;;;;N
;0015454334;Bond;;0001899N;IDEAS;Done;NYK_MARKETS;MARKETMAKING;REAL;CABA_HEDGE;26-05-2020;OVIX;;DKK;2NDEA2SDROOA50;IDEAS;;26-05-2020;;28-05-2020;03-10-2050;DOM;S 200.0M 102.675000 -s 28/05/20 ;;MORTGAGE;-200.000.000,00;Done;26-05-2020;KONV;Y;;SELL;;;56269-9;;;;;;;NONE;Y;Y;NORMAL;COPENHAGEN;;;;;;;;;;;;;;;;549300S528S4ZAQLB477;;;;;;;;;;;;;;N
;0015454364;Bond;;000189GL;IDEAS;Done;NYK_MARKETS;CREDIT_TRAD;EUR_CREDIT;DEPOTKUNDER;26-05-2020;KTK;;EUR;NKTDC5.375_;IDEAS;;26-05-2020;;28-05-2020;12-09-2022;DOM;B 0.1M 99.500000 -s 28/05/20 in DKK ;;EURO;100.000,00;Done;26-05-2020;;N;;BUY;;;8129213524;;;;;;;NONE;Y;Y;NORMAL;COPENHAGEN;;;;;;;;;;;;;;;;;;;;;;;;;;;;;;N
;0015454374;Bond;;000189HR;IDEAS;Done;NYK_MARKETS;MARKETMAKING;FLOAT;PPIM_CORE;26-05-2020;CDB;;DKK;RDKRE0_07/01/24;IDEAS;;26-05-2020;;01-07-2020;01-07-2024;DOM;S 400.0M 100.205000 -s 01/07/20 ;;MORTGAGE;-400.000.000,00;Done;26-05-2020;FRN;N;;SELL;;;56715-35;;;;;;;NONE;Y;Y;NORMAL;COPENHAGEN;;;;;;;;;;;;;;;;5493001ALKTMY0LG2929;;;;;;;;;;;;;;N
;0015454344;Bond;;000189D2;TW;Done;NYK_MARKETS;MARKETMAKING;INFLATION;JPMS;26-05-2020;JPED;;EUR;DBRI0.5_04/15/30;;;26-05-2020;;28-05-2020;15-04-2030;EC;B 1.0M 114.906000 -s 28/05/20 ;;BUND;1.000.000,00;Done;26-05-2020;INFL;N;JPED;BUY;;;JPM;;;;;;;NONE;Y;Y;NORMAL;COPENHAGEN;;;;;;;;;;;;;;;;7H6GLXDRUGQFU57RNE97;;;;;;;;;;;;;;N
;0015454354;Bond;;000189FS;IDEAS;Done;NYK_MARKETS;CREDIT_TRAD;EUR_CREDIT;DEPOTKUNDER;26-05-2020;KTK;;EUR;VW3.875__X;IDEAS_DT;;26-05-2020;;28-05-2020;14-06-2027;DOM;S 0.3M 99.000000 -s 28/05/20 in DKK ;;EURO;-300.000,00;Done;26-05-2020;;N;;SELL;;;8110259868;;;;;;;NONE;Y;Y;NORMAL;COPENHAGEN;;;;;;;;;;;;;;;;;;;;;;;;;;;;;;N
;0015454384;Bond;;;;Done;NYK_MARKETS;CREDIT_TRAD;PFAND_CREDIT;GOLL;26-05-2020;DKNI;;EUR;ISPIM7_;;;26-05-2020;;28-05-2020;19-01-2021;;B 1.0M 100.450000 -s 28/05/20 ;;EURO;1.000.000,00;Done;26-05-2020;COCO;Y;DKNI;BUY;;;;;;;;;;NONE;Y;Y;NORMAL;COPENHAGEN;;;;;;;;;;;;;;;;W22LROWP2IHZNBB6K528;;;;;;;;;;;;;;N
;0015454394;Bond;;000189K8;IDEAS;Done;NYK_MARKETS;CREDIT_TRAD;PFAND_CREDIT;DEPOTKUNDER;26-05-2020;DKNI;;USD;ISPIM7.7__P;IDEAS_DT;;26-05-2020;;28-05-2020;17-09-2025;DOM;S 0.4M 95.000000 -s 28/05/20 in DKK ;;EURO;-400.000,00;Done;26-05-2020;COCO;N;;SELL;;;8110478268;;;;;;;NONE;Y;Y;NORMAL;COPENHAGEN;;;;;;;;;;;;;;;;;;;;;;;;;;;;;;N
;5099654N1;Swap;IRSWAP;;;Verified;NYK_MARKETS;DERIVATER;SWAPS;OPTIONER;26-11-2008;ALHA;;EUR;;;;26-05-2020;;28-11-2008;29-11-2038;;SW/REC 3.57700%EURfixedANNU;;;1.500.000,00;Verified;26-11-2008;;N;ALHA;SELL;;;;;;;;;;NONE;Y;Y;NORMAL;COPENHAGEN;;;;;;;;;;;;;;;;;;;;;;;;;;;;;;N
;0015454420;Bond;;000189LY;IDEAS;Done;NYK_MARKETS;MARKETMAKING;REAL;DEPOTKUNDER;26-05-2020;UFFE;;DKK;NYKRE1.5_10/01/53;IDEAS;;26-05-2020;;28-05-2020;01-10-2053;DOM;S 0.0M 100.825000 -s 28/05/20 ;;MORTGAGE;-18.091,37;Done;26-05-2020;KONV;N;;SELL;;;5479362469;;;;;;;NONE;Y;Y;NORMAL;COPENHAGEN;;;;;;;;;;;;;;;;;;;;;;;;;;;;;;N
;0015454400;Bond;;000189L2;IDEAS;Done;NYK_MARKETS;MARKETMAKING;FLEX;SAXO;26-05-2020;LCA;;DKK;1NYK1.13HJADKK_22;IDEAS;;26-05-2020;;28-05-2020;03-01-2022;DOM;S 250.0M 102.110000 -s 28/05/20 ;;MORTGAGE;-250.000.000,00;Done;26-05-2020;INK;N;;SELL;;;1149-2;;;;;;;NONE;Y;Y;NORMAL;COPENHAGEN;;;;;;;;;;;;;;;;549300TL5406IC1XKD09;;;;;;;;;;;;;;N
;0015454410;Bond;;000189LK;IDEAS;Done;NYK_MARKETS;MARKETMAKING;FLOAT;SAXO;26-05-2020;LCA;;DKK;F3NYK32HIJU20;IDEAS;;26-05-2020;;28-05-2020;01-07-2020;DOM;B 127.8M 100.030502 -s 28/05/20 ;;MORTGAGE;127.814.879,00;Done;26-05-2020;FRN;N;;BUY;;;1149-2;;;;;;;NONE;Y;Y;NORMAL;COPENHAGEN;;;;;;;;;;;;;;;;549300TL5406IC1XKD09;;;;;;;;;;;;;;N
;5099615N1;Swap;IRSWAP;;;Verified;NYK_MARKETS;DERIVATER;SWAPS;OPTIONER;26-11-2008;ALHA;;DKK;;;;26-05-2020;;26-11-2008;26-11-2038;;SW/REC 3.81077%DKKfixedANNU;;;12.000.000,00;Verified;26-11-2008;;N;ALHA;SELL;;;;;;;;;;NONE;Y;Y;NORMAL;COPENHAGEN;;;;;;;;;;;;;;;;;;;;;;;;;;;;;;N
;0015454325;Bond;;0001898B;BTS;Done;NYK_MARKETS;CREDIT_TRAD;SCAND_CREDIT;BNPL;26-05-2020;SDLA;;EUR;CCAMA6.375_;;;26-05-2020;;28-05-2020;28-05-2024;EC BTS:189403 FR0011896513;S 0.2M 108.385000 -s 28/05/20 ;;EURO;-200.000,00;Done;26-05-2020;;N;SDLA;SELL;;;BNPL;;;;;;;NONE;Y;Y;NORMAL;COPENHAGEN;;;;;;;;;;;;;;;;R0MUWSFPU8MPRO8K5P83;;;;;;;;;;;;;;N
;0015454335;Bond;;0001899T;BTS;Done;NYK_MARKETS;MARKETMAKING;STAT;DEUF;26-05-2020;AXKR;;DKK;DGB0.5_11/15/29;;;26-05-2020;;26-05-2020;15-11-2029;DOM BTS:189410 DK0009923807;S 0.2M 107.320000 -s 26/05/20 ;;BOND;-170.000,00;Done;26-05-2020;;N;JPED;SELL;;;DEUF;;;;;;;NONE;Y;Y;NORMAL;COPENHAGEN;;;;;;;;;;;;;;;;7LTWFZYICNSX8D621K86;;;;;;;;;;;;;;N
;0015454305;Bond;;0001894S;IDEAS;Done;NYK_MARKETS;MARKETMAKING;FLOAT;REALKREDIT_D;26-05-2020;UFFE;;DKK;NYK21E_RMOA5_21;IDEAS;;26-05-2020;;28-05-2020;01-07-2021;DOM;S 2.2M 100.700000 -s 28/05/20 ;;MORTGAGE;-2.163.000,00;Done;26-05-2020;RM;N;;SELL;;;10001-0;;;;;;;NONE;Y;Y;NORMAL;COPENHAGEN;;;;;;;;;;;;;;;;549300NLOMBOWE943Y30;;;;;;;;;;;;;;N
;0015454365;Bond;;000189GM;IDEAS;Done;NYK_MARKETS;CREDIT_TRAD;EUR_CREDIT;DEPOTKUNDER;26-05-2020;KTK;;EUR;NKTDC5.375_;IDEAS;;26-05-2020;;28-05-2020;12-09-2022;DOM;S 0.1M 99.500000 -s 28/05/20 in DKK ;;EURO;-100.000,00;Done;26-05-2020;;N;;SELL;;;8117223540;;;;;;;NONE;Y;Y;NORMAL;COPENHAGEN;;;;;;;;;;;;;;;;;;;;;;;;;;;;;;N
;0015454375;Bond;;000189HS;IDEAS;Done;NYK_MARKETS;CREDIT_TRAD;EUR_CREDIT;DEPOTKUNDER;26-05-2020;KTK;;EUR;IJSS2.75PF_07/15/22;IDEAS_DT;;26-05-2020;;28-05-2020;15-07-2021;DOM;S 0.1M 93.500000 -s 28/05/20 in DKK ;;EURO;-50.000,00;Done;26-05-2020;;N;;SELL;;;5479937216;;;;;;;NONE;Y;Y;NORMAL;COPENHAGEN;;;;;;;;;;;;;;;;;;;;;;;;;;;;;;N
;0015454355;Bond;;000189G1;BTS;Done;NYK_MARKETS;MARKETMAKING;REAL;BC_CAPG;26-05-2020;AXKR;;DKK;NYKRE0.5_10/01/50;;;26-05-2020;;28-05-2020;03-10-2050;EC BTS:189425 DK0009525081;B 53.2M 94.626000 -s 28/05/20 ;;MORTGAGE;53.159.209,00;Done;26-05-2020;KONV;N;MOEN;BUY;;;BC_CAPG;;;;;;;NONE;Y;Y;NORMAL;COPENHAGEN;;;;;;;;;;;;;;;;;;;;;;;;;;;;;;N
;0015454385;Bond;;000189JB;IDEAS;Done;NYK_MARKETS;MARKETMAKING;ILLIKVID;BC_FORMUEP;26-05-2020;LCA;;DKK;1BRF111E32;IDEAS;;26-05-2020;;28-05-2020;01-10-2032;DOM;B 91.9M 102.025000 -s 28/05/20 ;;MORTGAGE;91.941.124,05;Done;26-05-2020;KONV;N;;BUY;;;56923-9;;;;;;;NONE;Y;Y;NORMAL;COPENHAGEN;;;;;;;;;;;;;;;;;;;;;;;;;;;;;;N
;0015454395;Bond;;000189KG;IDEAS;Done;NYK_MARKETS;MARKETMAKING;FLOAT;PPIM_TRYG;26-05-2020;OVIX;;DKK;NYKRE0_01/01/22;IDEAS;;26-05-2020;;28-05-2020;03-01-2022;DOM;B 18.7M 99.960000 -s 28/05/20 ;;MORTGAGE;18.723.100,26;Done;26-05-2020;FRN;N;;BUY;;;58531-6;;;;;;;NONE;Y;Y;NORMAL;COPENHAGEN;;;;;;;;;;;;;;;;213800BIA5L8OPBER229;;;;;;;;;;;;;;N
;0015454421;Bond;;;;Done;NYK_MARKETS;CREDIT_TRAD;PFAND_CREDIT;BNPL;26-05-2020;DKNI;;EUR;UCGIM6.625_;;;26-05-2020;;28-05-2020;05-06-2023;;S 0.5M 92.300000 -s 28/05/20 ;;EURO;-500.000,00;Done;26-05-2020;COCO;N;DKNI;SELL;;;;;;;;;;NONE;Y;Y;NORMAL;COPENHAGEN;;;;;;;;;;;;;;;;R0MUWSFPU8MPRO8K5P83;;;;;;;;;;;;;;N
;0015454401;Bond;;000189L4;IDEAS;Done;NYK_MARKETS;CREDIT_TRAD;PFAND_CREDIT;DEPOTKUNDER;26-05-2020;DKNI;;EUR;DB6_;IDEAS_DT;;26-05-2020;;28-05-2020;02-05-2022;DOM;S 0.1M 83.500000 -s 28/05/20 in DKK ;;EURO;-100.000,00;Done;26-05-2020;COCO;N;;SELL;;;8117325203;;;;;;;NONE;Y;Y;NORMAL;COPENHAGEN;;;;;;;;;;;;;;;;;;;;;;;;;;;;;;N
;0015454411;Bond;;000189LL;IDEAS;Done;NYK_MARKETS;MARKETMAKING;FLEX;SAXO;26-05-2020;LCA;;DKK;1NYK1.13HJU20D;IDEAS;;26-05-2020;;28-05-2020;01-07-2020;DOM;B 108.3M 100.135839 -s 28/05/20 ;;MORTGAGE;108.333.000,00;Done;26-05-2020;INK;N;;BUY;;;1149-2;;;;;;;NONE;Y;Y;NORMAL;COPENHAGEN;;;;;;;;;;;;;;;;549300TL5406IC1XKD09;;;;;;;;;;;;;;N
;0015454332;Bond;;0001899J;BTS;Done;NYK_MARKETS;CREDIT_TRAD;PFAND_CREDIT;BNPL;26-05-2020;DKNI;;EUR;ACAFP6.5_;;;26-05-2020;;28-05-2020;23-06-2021;EC BTS:189409 XS1055037177;B 2.7M 102.500000 -s 28/05/20 ;;EURO;2.667.000,00;Done;26-05-2020;COCO;N;DKNI;BUY;;;BNPL;;;;;;;NONE;Y;Y;NORMAL;COPENHAGEN;;;;;;;;;;;;;;;;R0MUWSFPU8MPRO8K5P83;;;;;;;;;;;;;;N
;0015454312;Bond;;0001897F;BTS;Done;NYK_MARKETS;CREDIT_TRAD;SCAND_CREDIT;BNPL;26-05-2020;SDLA;;EUR;DANBNK5.875_;;;26-05-2020;;28-05-2020;06-04-2022;EC BTS:189402 XS1190987427;B 1.0M 100.950000 -s 28/05/20 ;;EURO;1.000.000,00;Done;26-05-2020;COCO;N;SDLA;BUY;;;BNPL;;;;;;;NONE;Y;Y;NORMAL;COPENHAGEN;;;;;;;;;;;;;;;;R0MUWSFPU8MPRO8K5P83;;;;;;;;;;;;;;N
;0015454362;Bond;;000189GJ;IDEAS;Done;NYK_MARKETS;CREDIT_TRAD;EUR_CREDIT;DEPOTKUNDER;26-05-2020;KTK;;EUR;ARWLN0_04/01/25;IDEAS_DT;;26-05-2020;;28-05-2020;01-04-2025;DOM;S 0.1M 89.000000 -s 28/05/20 in DKK ;;FRN;-100.000,00;Done;26-05-2020;PRICE;N;;SELL;;;8110259868;;;;;;;NONE;Y;Y;NORMAL;COPENHAGEN;;;;;;;;;;;;;;;;;;;;;;;;;;;;;;N
;0015454372;Bond;;000189HN;IDEAS;Done;NYK_MARKETS;CREDIT_TRAD;EUR_CREDIT;DEPOTKUNDER;26-05-2020;KTK;;EUR;IJSS3.125_07/15/24;IDEAS_DT;;26-05-2020;;28-05-2020;15-07-2022;DOM;S 0.1M 85.000000 -s 28/05/20 in DKK ;;EURO;-100.000,00;Done;26-05-2020;;N;;SELL;;;8129213524;;;;;;;NONE;Y;Y;NORMAL;COPENHAGEN;;;;;;;;;;;;;;;;;;;;;;;;;;;;;;N
;0015454342;Bond;;000189CR;IDEAS;Done;NYK_MARKETS;MARKETMAKING;ILLIKVID;IT_KF_INVEST;26-05-2020;IDPP;;DKK;NYK2038_RM_A;IDEAS;;26-05-2020;;28-05-2020;01-04-2038;DOM;S 5.0M 105.050000 -s 28/05/20 ;;MORTGAGE;-5.000.000,00;Done;26-05-2020;RM;N;;SELL;;;50853-6;;;;;;;NONE;Y;Y;NORMAL;COPENHAGEN;;;;;;;;;;;;;;;;;;;;;;;;;;;;;;N
;0015454352;Bond;;000189FQ;IDEAS;Done;NYK_MARKETS;CREDIT_TRAD;EUR_CREDIT;DEPOTKUNDER;26-05-2020;KTK;;EUR;IJSS3.125_07/15/24;IDEAS_DT;;26-05-2020;;28-05-2020;15-07-2022;DOM;S 0.4M 85.000000 -s 28/05/20 in DKK ;;EURO;-400.000,00;Done;26-05-2020;;N;;SELL;;;8117172342;;;;;;;NONE;Y;Y;NORMAL;COPENHAGEN;;;;;;;;;;;;;;;;;;;;;;;;;;;;;;N
;0015454382;Bond;;000189J5;IDEAS;Done;NYK_MARKETS;MARKETMAKING;FLOAT;REALKREDIT_D;26-05-2020;MOEN;;DKK;RDKRE0_07/01/24;IDEAS;;26-05-2020;;28-05-2020;01-07-2024;DOM;B 2000.0M 100.242603 -s 28/05/20 ;;MORTGAGE;2.000.000.000,00;Done;26-05-2020;FRN;N;;BUY;;;10001-0;;;;;;;NONE;Y;Y;NORMAL;COPENHAGEN;;;;;;;;;;;;;;;;549300NLOMBOWE943Y30;;;;;;;;;;;;;;N
;0015454392;Bond;;000189JQ;IDEAS;Done;NYK_MARKETS;MARKETMAKING;FLOAT;INT_IDEAS;26-05-2020;ALS;;DKK;RDKRE0_07/01/24;IDEAS;;26-05-2020;;28-05-2020;01-07-2024;DOM;S 2463.2M 100.247603 -s 28/05/20 ;;MORTGAGE;-2.463.175.000,00;Done;26-05-2020;FRN;N;;SELL;;;-;;;;;;;NONE;Y;Y;NORMAL;COPENHAGEN;;;;;;;;;;;;;;;;;;;;;;;;;;;;;;N
;6558635N;Swap;IRSWAP;;;Verified;NYK_MARKETS;DERIVATER;OPTIONER;SWAPS;26-05-2010;ALHA;;DKK;;;;26-05-2020;;28-05-2010;28-05-2025;;SW/PAY 3.46150%DKKfixedANNU;;;-300.000.000,00;Verified;26-05-2010;;N;ALHA;BUY;;;;;;;;;;NONE;Y;Y;NORMAL;COPENHAGEN;;;;;;;;;;;;;;;;;;;;;;;;;;;;;;N
;6558853N;Swap;IRSWAP;;;Verified;NYK_MARKETS;DERIVATER;OPTIONER;SWAPS;26-05-2010;ALHA;;DKK;;;;26-05-2020;;28-05-2010;28-05-2030;;SW/PAY 3.48249%DKKfixedANNU;;;-15.000.000,00;Verified;26-05-2010;;N;ALHA;BUY;;;;;;;;;;NONE;Y;Y;NORMAL;COPENHAGEN;;;;;;;;;;;;;;;;;;;;;;;;;;;;;;N
;0015454323;Bond;;00018982;IDEAS;Done;NYK_MARKETS;CREDIT_TRAD;PFAND_CREDIT;DEPOTKUNDER;26-05-2020;DKNI;;USD;SOCGEN7.375_;IDEAS_DT;;26-05-2020;;29-05-2020;13-09-2021;DOM;B 0.2M 99.625000 -s 29/05/20 in DKK ;;EURO;200.000,00;Done;26-05-2020;COCO;N;;BUY;;;8117843794;;;;;;;NONE;Y;Y;NORMAL;COPENHAGEN;;;;;;;;;;;;;;;;;;;;;;;;;;;;;;N
;0015454333;Bond;;0001899M;IDEAS;Done;NYK_MARKETS;CREDIT_TRAD;PFAND_CREDIT;DEPOTKUNDER;26-05-2020;DKNI;;EUR;RBIAV6.125_;IDEAS_DT;;26-05-2020;;28-05-2020;15-12-2022;DOM;S 0.5M 98.750000 -s 28/05/20 in DKK ;;EURO;-500.000,00;Done;26-05-2020;COCO;N;;SELL;;;8117198449;;;;;;;NONE;Y;Y;NORMAL;COPENHAGEN;;;;;;;;;;;;;;;;;;;;;;;;;;;;;;N
;0015454313;Bond;;0001897G;IDEAS;Done;NYK_MARKETS;CREDIT_TRAD;EUR_CREDIT;DEPOTKUNDER;26-05-2020;KTK;;EUR;EDF5.375_;IDEAS_DT;;26-05-2020;;28-05-2020;29-01-2025;DOM;S 0.1M 106.000000 -s 28/05/20 in DKK ;;EURO;-100.000,00;Done;26-05-2020;;N;;SELL;;;8117227708;;;;;;;NONE;Y;Y;NORMAL;COPENHAGEN;;;;;;;;;;;;;;;;;;;;;;;;;;;;;;N
;0015454363;Bond;;000189GK;IDEAS;Done;NYK_MARKETS;CREDIT_TRAD;EUR_CREDIT;DEPOTKUNDER;26-05-2020;KTK;;EUR;IPGIM1.75_10/26/24;IDEAS_DT;;26-05-2020;;28-05-2020;28-10-2024;DOM;S 0.1M 86.750000 -s 28/05/20 in DKK ;;EURO;-100.000,00;Done;26-05-2020;;N;;SELL;;;8117227708;;;;;;;NONE;Y;Y;NORMAL;COPENHAGEN;;;;;;;;;;;;;;;;;;;;;;;;;;;;;;N
;0015454373;Bond;;000189HP;IDEAS;Done;NYK_MARKETS;MARKETMAKING;FLOAT;NYKREDIT_A_S;26-05-2020;LCA;;DKK;RDKRE0_07/01/24;IDEAS;;26-05-2020;;28-05-2020;01-07-2024;DOM;S 55.6M 100.247603 -s 28/05/20 ;;MORTGAGE;-55.581.000,00;Done;26-05-2020;FRN;N;;SELL;;;10600-0;;;;;;;NONE;Y;Y;NORMAL;COPENHAGEN;;;;;;;;;;;;;;;;LIU16F6VZJSD6UKHD557;;;;;;;;;;;;;;N
;0015454343;Bond;;000189CS;IDEAS;Done;NYK_MARKETS;MARKETMAKING;ILLIKVID;E_SKJAERBAEK;26-05-2020;IDPP;;DKK;NYK2038_RM_A;IDEAS;;26-05-2020;;28-05-2020;01-04-2038;DOM;S 2.0M 105.050000 -s 28/05/20 ;;MORTGAGE;-2.000.000,00;Done;26-05-2020;RM;N;;SELL;;;50801-6;;;;;;;NONE;Y;Y;NORMAL;COPENHAGEN;;;;;;;;;;;;;;;;;;;;;;;;;;;;;;N
;0015454353;Bond;;000189FR;IDEAS;Done;NYK_MARKETS;CREDIT_TRAD;EUR_CREDIT;DEPOTKUNDER;26-05-2020;KTK;;EUR;IJSS3.125_07/15/24;IDEAS_DT;;26-05-2020;;28-05-2020;15-07-2022;DOM;S 0.2M 85.000000 -s 28/05/20 in DKK ;;EURO;-200.000,00;Done;26-05-2020;;N;;SELL;;;8110259868;;;;;;;NONE;Y;Y;NORMAL;COPENHAGEN;;;;;;;;;;;;;;;;;;;;;;;;;;;;;;N
;0015454383;Bond;;000189J9;IDEAS;Done;NYK_MARKETS;MARKETMAKING;FLOAT;BC_PFA;26-05-2020;MOEN;;DKK;RDKRE0_07/01/24;IDEAS;;26-05-2020;;01-07-2020;01-07-2024;DOM;S 500.0M 100.205000 -s 01/07/20 ;;MORTGAGE;-500.000.000,00;Done;26-05-2020;FRN;N;;SELL;;;53103-9;;;;;;;NONE;Y;Y;NORMAL;COPENHAGEN;;;;;;;;;;;;;;;;;;;;;;;;;;;;;;N
;0004787350;FX Spot;;;;Verified;NYK_MARKETS;CREDIT_TRAD;SCAND_CREDIT;STRATEGISK;26-05-2020;;;EUR;;;;26-05-2020;;28-05-2020;28-05-2020;;FXSPT EUR/DKK 0.3M @7.455580;EURDKK;;302.877,05;Verified;26-05-2020;;N;;BUY;;;;;;;;;;NONE;Y;Y;NORMAL;COPENHAGEN;;;;;;;;;;;;;;;;;;;;;;;;;;;;;;
;6558692N;Swap;IRSWAP;74280197;MARKITWIRE;Verified;NYK_MARKETS;DERIVATER;SWAPS;LCH_BAML;26-05-2010;BLN;-CANTOR;EUR;;;;26-05-2020;;28-05-2010;28-05-2030;B/C 26.05.2020 +5+5;SW/PAY 6mEURswapSEMI;;;34.192.299,00;Verified;26-05-2010;;Y;BLN;SELL;;;Side:2,PrVer:1;;;;LCH;LCH_BAML;PRN_ICM;YES;Y;Y;NORMAL;COPENHAGEN;;NDAST;NYK_MARKETS;;;;;LCH00053452745;LCH_BAML;74280197;;;;;73938590;549300FH0WJAPEHTIQ77;;;;;;;;;;;;;;N
;0004787230;FX Spot;;;;Verified;NYK_MARKETS;CREDIT_TRAD;EUR_CREDIT;STRATEGISK;26-05-2020;;;EUR;;;;26-05-2020;;28-05-2020;28-05-2020;;FXSPT EUR/DKK 0.3M @7.456110;EURDKK;;344.618,06;Verified;26-05-2020;;N;;BUY;;;;;;;;;;NONE;Y;Y;NORMAL;COPENHAGEN;;;;;;;;;;;;;;;;;;;;;;;;;;;;;;
;0015454330;Bond;;0001898V;IDEAS;Done;NYK_MARKETS;MARKETMAKING;ILLIKVID;NORDFYNS_BAN;26-05-2020;JOPE;;DKK;1NYK01EA32;IDEAS;;26-05-2020;;28-05-2020;01-10-2032;DOM;B 12.0M 102.100000 -s 28/05/20 ;;MORTGAGE;12.026.802,85;Done;26-05-2020;KONV;N;;BUY;;;6860-0;;;;;;;NONE;Y;Y;NORMAL;COPENHAGEN;;;;;;;;;;;;;;;;549300BWB2IW0OL3GQ06;;;;;;;;;;;;;;N
;0015454310;Bond;;0001896C;IDEAS;Done;NYK_MARKETS;CREDIT_TRAD;SCAND_CREDIT;DEPOTKUNDER;26-05-2020;SDLA;;USD;SHBASS5.25_;IDEAS_DT;;26-05-2020;;28-05-2020;01-03-2021;DOM;S 0.5M 100.250000 -s 28/05/20 in DKK ;;EURO;-500.000,00;Done;26-05-2020;COCO;N;;SELL;;;8113835002;;;;;;;NONE;Y;Y;NORMAL;COPENHAGEN;;;;;;;;;;;;;;;;;;;;;;;;;;;;;;N
;0015454360;Bond;;000189GF;IDEAS;Done;NYK_MARKETS;CREDIT_TRAD;EUR_CREDIT;DEPOTKUNDER;26-05-2020;KTK;;EUR;TELEFO3.75_;IDEAS_DT;;26-05-2020;;28-05-2020;15-03-2022;DOM;S 0.2M 102.000000 -s 28/05/20 in DKK ;;EURO;-200.000,00;Done;26-05-2020;;N;;SELL;;;8110259868;;;;;;;NONE;Y;Y;NORMAL;COPENHAGEN;;;;;;;;;;;;;;;;;;;;;;;;;;;;;;N
;0015454370;Bond;;000189HG;IDEAS;Done;NYK_MARKETS;MARKETMAKING;FLOAT;REALKREDIT_D;26-05-2020;LCA;;DKK;RDKRE0_07/01/24;IDEAS;;26-05-2020;;28-05-2020;01-07-2024;DOM;B 55.6M 100.242603 -s 28/05/20 ;;MORTGAGE;55.581.000,00;Done;26-05-2020;FRN;N;;BUY;;;10001-0;;;;;;;NONE;Y;Y;NORMAL;COPENHAGEN;;;;;;;;;;;;;;;;549300NLOMBOWE943Y30;;;;;;;;;;;;;;N
;0015454340;Bond;;000189BX;IDEAS;Done;NYK_MARKETS;MARKETMAKING;REAL;HP_HEDGE;26-05-2020;LCA;;DKK;NYKRE0_10/01/35;IDEAS;;26-05-2020;;28-05-2020;01-10-2035;DOM;B 50.0M 96.650000 -s 28/05/20 ;;MORTGAGE;50.000.000,00;Done;26-05-2020;KONV;N;;BUY;;;89350-7;;;;;;;NONE;Y;Y;NORMAL;COPENHAGEN;;;;;;;;;;;;;;;;549300RCV2ILFFFREC87;;;;;;;;;;;;;;N
;0015454380;Bond;;000189J1;IDEAS;Done;NYK_MARKETS;CREDIT_TRAD;OTHER_CREDIT;MSTL;26-05-2020;GITINDB;;EUR;FIS0.125_12/03/22;IDEAS_DT;;26-05-2020;;27-05-2020;03-11-2022;EC;S 0.2M 98.690000 -s 27/05/20 ;;EURO;-200.000,00;Done;26-05-2020;;N;;SELL;;;85000-10;;;;;;;NONE;Y;Y;NORMAL;COPENHAGEN;;;;;;;;;;;;;;;;4PQUHN3JPFGFNF3BB653;;;;;;;;;;;;;;N
;6558660N;Swap;IRSWAP;;;Verified;NYK_MARKETS;DERIVATER;OPTIONER;SWAPS;26-05-2010;ALHA;;EUR;;;;26-05-2020;;28-05-2010;28-05-2025;;SW/PAY 3.28200%EURfixedANNU;;;-16.000.000,00;Verified;26-05-2010;;N;ALHA;BUY;;;;;;;;;;NONE;Y;Y;NORMAL;COPENHAGEN;;;;;;;;;;;;;;;;;;;;;;;;;;;;;;N
;0004787065;FX Forward;;;;Verified;NYK_MARKETS;CREDIT_TRAD;PFAND_CREDIT;STRATEGISK;26-05-2020;;;USD;;;;26-05-2020;;29-05-2020;29-05-2020;;FXFWD USD/DKK -0.2M @6.799890;USDDKK;;-202.363,89;Verified;26-05-2020;;N;;SELL;;;;;;;;;;NONE;Y;Y;NORMAL;COPENHAGEN;;;;;;;;;;;;;;;;;;;;;;;;;;;;;;
;0004787080;FX Spot;;;;Verified;NYK_MARKETS;CREDIT_TRAD;PFAND_CREDIT;STRATEGISK;26-05-2020;;;EUR;;;;26-05-2020;;28-05-2020;28-05-2020;;FXSPT EUR/DKK 0.2M @7.475690;EURDKK;;215.955,60;Verified;26-05-2020;;N;;BUY;;;;;;;;;;NONE;Y;Y;NORMAL;COPENHAGEN;;;;;;;;;;;;;;;;;;;;;;;;;;;;;;
;0015454331;Bond;;00018999;BTS;Done;NYK_MARKETS;MARKETMAKING;REAL;NYKREDIT_A_S;26-05-2020;AXKR;;DKK;NYKRE0_10/01/30;;;26-05-2020;;28-05-2020;01-10-2030;DOM BTS:189408 DK0009512691;B 15.0M 98.950000 -s 28/05/20 ;;MORTGAGE;15.000.000,00;Done;26-05-2020;KONV;N;AXKR;BUY;;;NYKREDIT_A_S;;;;;;;NONE;Y;Y;NORMAL;COPENHAGEN;;;;;;;;;;;;;;;;LIU16F6VZJSD6UKHD557;;;;;;;;;;;;;;N
;0015454311;Bond;;00018976;BTS;Done;NYK_MARKETS;CREDIT_TRAD;EUR_CREDIT;BBIL;26-05-2020;KTK;;EUR;IPGIM1.75_10/26/24;;;26-05-2020;;28-05-2020;28-10-2024;EC BTS:189401 XS1707063589;B 0.2M 85.970000 -s 28/05/20 ;;EURO;200.000,00;Done;26-05-2020;;N;KTK;BUY;;;BBIL;;;;;;;NONE;Y;Y;NORMAL;COPENHAGEN;;;;;;;;;;;;;;;;G5GSEF7VJP5I7OUK5573;;;;;;;;;;;;;;N
;0015454361;Bond;;000189GH;IDEAS;Done;NYK_MARKETS;CREDIT_TRAD;EUR_CREDIT;DEPOTKUNDER;26-05-2020;KTK;;EUR;VW3.875__X;IDEAS_DT;;26-05-2020;;28-05-2020;14-06-2027;DOM;S 0.1M 99.000000 -s 28/05/20 in DKK ;;EURO;-100.000,00;Done;26-05-2020;;N;;SELL;;;8128020559;;;;;;;NONE;Y;Y;NORMAL;COPENHAGEN;;;;;;;;;;;;;;;;;;;;;;;;;;;;;;N
;0015454371;Bond;;000189HK;IDEAS;Done;NYK_MARKETS;MARKETMAKING;FLOAT;REALKREDIT_D;26-05-2020;LCA;;DKK;RD11F6JU20RF;IDEAS;;26-05-2020;;28-05-2020;01-07-2020;DOM;S 55.6M 100.045323 -s 28/05/20 ;;MORTGAGE;-55.581.000,00;Done;26-05-2020;FRN;N;;SELL;;;10001-0;;;;;;;NONE;Y;Y;NORMAL;COPENHAGEN;;;;;;;;;;;;;;;;549300NLOMBOWE943Y30;;;;;;;;;;;;;;N
;0015454341;Bond;;000189CP;TW;Done;NYK_MARKETS;MARKETMAKING;INFLATION;JPMS;26-05-2020;JPED;;EUR;DBRI0.5_04/15/30;;;26-05-2020;;28-05-2020;15-04-2030;EC;B 1.0M 114.928000 -s 28/05/20 ;;BUND;1.000.000,00;Done;26-05-2020;INFL;N;JPED;BUY;;;JPM;;;;;;;NONE;Y;Y;NORMAL;COPENHAGEN;;;;;;;;;;;;;;;;7H6GLXDRUGQFU57RNE97;;;;;;;;;;;;;;N
;0001974659;Future;;0001894L;BARX;Verified;NYK_MARKETS;MARKETMAKING;STAT;CS;26-05-2020;AXKR;CS;EUR;BUNDDTB / JUN20;NOTICKET;;26-05-2020;;26-05-2020;10-06-2020;;FUT/SELL BUNDDTB/JUN20;;;-15,00;Verified;26-05-2020;;N;AXKR;SELL;;;;;;;;;;NONE;Y;Y;NORMAL;COPENHAGEN;;;;;;;;;;;;;;;;;;;;;;;;;;;;;;N
;0015454351;Bond;;000189FN;IDEAS;Done;NYK_MARKETS;CREDIT_TRAD;EUR_CREDIT;DEPOTKUNDER;26-05-2020;KTK;;EUR;EDF5.375_;IDEAS_DT;;26-05-2020;;28-05-2020;29-01-2025;DOM;S 0.1M 106.000000 -s 28/05/20 in DKK ;;EURO;-100.000,00;Done;26-05-2020;;N;;SELL;;;8117195911;;;;;;;NONE;Y;Y;NORMAL;COPENHAGEN;;;;;;;;;;;;;;;;;;;;;;;;;;;;;;N
;0015454381;Bond;;000189J3;BTS;Done;NYK_MARKETS;MARKETMAKING;REAL;BC_DIT;26-05-2020;AXKR;;DKK;NYKRED1.5_10/01/50;;;26-05-2020;;29-05-2020;03-10-2050;EC BTS:189447 DK0009521254;S 160.0M 100.824000 -s 29/05/20 ;;MORTGAGE;-160.000.000,00;Done;26-05-2020;KONV;N;BJP;SELL;;;BC_DIT;;;;;;;NONE;Y;Y;NORMAL;COPENHAGEN;;;;;;;;;;;;;;;;;;;;;;;;;;;;;;N
;0015454391;Bond;;000189JM;IDEAS;Done;NYK_MARKETS;MARKETMAKING;REAL;DEPOTKUNDER;26-05-2020;GITINDB;;DKK;1NYK1.01EA50;IDEAS;;26-05-2020;;28-05-2020;03-10-2050;DOM;S 0.1M 98.400000 -s 28/05/20 ;;MORTGAGE;-107.444,42;Done;26-05-2020;KONV;N;;SELL;;;8114558746;;;;;;;NONE;Y;Y;NORMAL;COPENHAGEN;;;;;;;;;;;;;;;;;;;;;;;;;;;;;;N
;0004787235;FX Spot;;;;Verified;NYK_MARKETS;CREDIT_TRAD;EUR_CREDIT;STRATEGISK;26-05-2020;;;EUR;;;;26-05-2020;;28-05-2020;28-05-2020;;FXSPT EUR/DKK 0.3M @7.466010;EURDKK;;308.085,04;Verified;26-05-2020;;N;;BUY;;;;;;;;;;NONE;Y;Y;NORMAL;COPENHAGEN;;;;;;;;;;;;;;;;;;;;;;;;;;;;;;
;0004787348;FX Spot;;;;Verified;NYK_MARKETS;CREDIT_TRAD;PFAND_CREDIT;STRATEGISK;26-05-2020;;;EUR;;;;26-05-2020;;28-05-2020;28-05-2020;;FXSPT EUR/DKK 0.1M @7.475440;EURDKK;;83.960,27;Verified;26-05-2020;;N;;BUY;;;;;;;;;;NONE;Y;Y;NORMAL;COPENHAGEN;;;;;;;;;;;;;;;;;;;;;;;;;;;;;;
;0001974668;Future;;000189LX;BARX;Verified;NYK_MARKETS;MARKETMAKING;FLEX;CS;26-05-2020;JAT;CS;EUR;BOBLDTB / JUN20;NOTICKET;;26-05-2020;;26-05-2020;10-06-2020;;FUT/BUY BOBLDTB/JUN20;;;35,00;Verified;26-05-2020;;N;JAT;BUY;;;;;;;;;;NONE;Y;Y;NORMAL;COPENHAGEN;;;;;;;;;;;;;;;;;;;;;;;;;;;;;;N
;0001974658;Future;;00018949;BARX;Verified;NYK_MARKETS;MARKETMAKING;STAT;CS;26-05-2020;AXKR;CS;EUR;BUNDDTB / JUN20;NOTICKET;;26-05-2020;;26-05-2020;10-06-2020;;FUT/BUY BUNDDTB/JUN20;;;15,00;Verified;26-05-2020;;N;AXKR;BUY;;;;;;;;;;NONE;Y;Y;NORMAL;COPENHAGEN;;;;;;;;;;;;;;;;;;;;;;;;;;;;;;N
;6558635N1;Swap;IRSWAP;;;Verified;NYK_MARKETS;DERIVATER;SWAPS;OPTIONER;26-05-2010;ALHA;;DKK;;;;26-05-2020;;28-05-2010;28-05-2025;;SW/REC 3.46150%DKKfixedANNU;;;300.000.000,00;Verified;26-05-2010;;N;ALHA;SELL;;;;;;;;;;NONE;Y;Y;NORMAL;COPENHAGEN;;;;;;;;;;;;;;;;;;;;;;;;;;;;;;N
;0004787295;FX Spot;;;;Verified;NYK_MARKETS;CREDIT_TRAD;EUR_CREDIT;STRATEGISK;26-05-2020;;;EUR;;;;26-05-2020;;28-05-2020;28-05-2020;;FXSPT EUR/DKK 0.0M @7.475740;EURDKK;;47.257,99;Verified;26-05-2020;;N;;BUY;;;;;;;;;;NONE;Y;Y;NORMAL;COPENHAGEN;;;;;;;;;;;;;;;;;;;;;;;;;;;;;;
;3524385N;Swap;IRSWAP;;;Verified;NYK_MARKETS;DERIVATER;SWAPS;B_SAMPENS_KP;24-05-2007;BLN;;EUR;;;;26-05-2020;;28-05-2007;28-05-2037;;SW/PAY 6mEURswapSEMI;;;120.772.000,00;Verified;24-05-2007;;Y;BLN;SELL;;;;;;;;;;NONE;Y;Y;NORMAL;COPENHAGEN;;;;;;;;;;;;;;;;9CXYH30WVJ1ZJHB6T835;;;;;;;;;;;;;;N
;6558660N1;Swap;IRSWAP;;;Verified;NYK_MARKETS;DERIVATER;SWAPS;OPTIONER;26-05-2010;ALHA;;EUR;;;;26-05-2020;;28-05-2010;28-05-2025;;SW/REC 3.28200%EURfixedANNU;;;16.000.000,00;Verified;26-05-2010;;N;ALHA;SELL;;;;;;;;;;NONE;Y;Y;NORMAL;COPENHAGEN;;;;;;;;;;;;;;;;;;;;;;;;;;;;;;N
;16508147N;Swap;IRSWAP;;;Verified;NYK_MARKETS;DERIVATER;SWAPS;ALBA_TANKERS;30-03-2020;ANSO;PHONE;USD;;;;26-05-2020;;01-04-2020;02-12-2024;;SW/PAY 3mUSDswapQUAR;;;16.969.309,00;Verified;27-03-2020;;Y;ANSO;SELL;;;;;;;;;;NONE;Y;Y;NORMAL;COPENHAGEN;;;;;;;;;;;;;;;;;;;;;;;;;;;;;;N
;5099615N;Swap;IRSWAP;;;Verified;NYK_MARKETS;DERIVATER;OPTIONER;SWAPS;26-11-2008;ALHA;;DKK;;;;26-05-2020;;26-11-2008;26-11-2038;;SW/PAY 3.81077%DKKfixedANNU;;;-12.000.000,00;Verified;26-11-2008;;N;ALHA;BUY;;;;;;;;;;NONE;Y;Y;NORMAL;COPENHAGEN;;;;;;;;;;;;;;;;;;;;;;;;;;;;;;N
;5099654N;Swap;IRSWAP;;;Verified;NYK_MARKETS;DERIVATER;OPTIONER;SWAPS;26-11-2008;ALHA;;EUR;;;;26-05-2020;;28-11-2008;29-11-2038;;SW/PAY 3.57700%EURfixedANNU;;;-1.500.000,00;Verified;26-11-2008;;N;ALHA;BUY;;;;;;;;;;NONE;Y;Y;NORMAL;COPENHAGEN;;;;;;;;;;;;;;;;;;;;;;;;;;;;;;N
;3524353N;Swap;IRSWAP;;;Verified;NYK_MARKETS;DERIVATER;SWAPS;BNPP;24-05-2007;BLN;;EUR;;;;26-05-2020;;28-05-2007;28-05-2037;B/C 24.05.2017 +5+5+5+5;SW/PAY 4.714%EURfixedANNU;;;-116.670.212,00;Verified;24-05-2007;;Y;BLN;BUY;;;;;;;;;;NONE;Y;Y;NORMAL;COPENHAGEN;;;;;;;;;;;;;;;;R0MUWSFPU8MPRO8K5P83;;;;;;;;;;;;;;N
;0015454408;Bond;;000189LF;IDEAS;Done;NYK_MARKETS;MARKETMAKING;ILLIKVID;LIND_CAP_FON;26-05-2020;OVIX;;DKK;1BRF111E32;IDEAS;;26-05-2020;;28-05-2020;01-10-2032;DOM;S 90.0M 102.050000 -s 28/05/20 ;;MORTGAGE;-90.000.000,00;Done;26-05-2020;KONV;N;;SELL;;;13135-3;;;;;;;NONE;Y;Y;NORMAL;COPENHAGEN;;;;;;;;;;;;;;;;5299000RWD2J46DMCW33;;;;;;;;;;;;;;N
;0015454418;Bond;;000189LT;IDEAS;Done;NYK_MARKETS;MARKETMAKING;FLOAT;BC_SPIN;26-05-2020;LCA;;DKK;DANSKB0_01/01/22;IDEAS;;26-05-2020;;28-05-2020;03-01-2022;DOM;S 50.0M 100.850000 -s 28/05/20 ;;MORTGAGE;-50.000.000,00;Done;26-05-2020;FRN;N;;SELL;;;53752-9;;;;;;;NONE;Y;Y;NORMAL;COPENHAGEN;;;;;;;;;;;;;;;;;;;;;;;;;;;;;;N
;6558853N1;Swap;IRSWAP;;;Verified;NYK_MARKETS;DERIVATER;SWAPS;OPTIONER;26-05-2010;ALHA;;DKK;;;;26-05-2020;;28-05-2010;28-05-2030;;SW/REC 3.48249%DKKfixedANNU;;;15.000.000,00;Verified;26-05-2010;;N;ALHA;SELL;;;;;;;;;;NONE;Y;Y;NORMAL;COPENHAGEN;;;;;;;;;;;;;;;;;;;;;;;;;;;;;;N
;6558691N;Swap;IRSWAP;74280184;MARKITWIRE;Verified;NYK_MARKETS;DERIVATER;SWAPS;LCH_BAML;26-05-2010;BLN;CANTOR;DKK;;;;26-05-2020;;28-05-2010;28-05-2030;B/C 26.05.2020 +5+5;SW/PAY 3.49%DKKfixedANNU;;;-400.000.000,00;Verified;26-05-2010;;Y;BLN;BUY;;;Side:2,PrVer:1;;;;LCH;LCH_BAML;PRN_ICM;YES;Y;Y;NORMAL;COPENHAGEN;;NDAST;NYK_MARKETS;;;;;LCH00053454429;LCH_BAML;74280184;;;;;73938384;549300FH0WJAPEHTIQ77;;;;;;;;;;;;;;N
;0015454409;Bond;;000189LG;IDEAS;Done;NYK_MARKETS;MARKETMAKING;FLEX;SAXO;26-05-2020;LCA;;DKK;NYKRE1_07/01/20;IDEAS;;26-05-2020;;28-05-2020;01-07-2020;DOM;B 100.0M 100.135839 -s 28/05/20 ;;MORTGAGE;100.000.000,00;Done;26-05-2020;INK;N;;BUY;;;1149-2;;;;;;;NONE;Y;Y;NORMAL;COPENHAGEN;;;;;;;;;;;;;;;;549300TL5406IC1XKD09;;;;;;;;;;;;;;N
;0015454419;Bond;;000189LV;MTS;Done;NYK_MARKETS;MARKETMAKING;FLEX;DDBC;26-05-2020;SRK;;DKK;DGB1.5_11/15/23;;;26-05-2020;;28-05-2020;15-11-2023;DOM MTS:189466 DK0009923054;S 50.0M 107.005000 -s 28/05/20 ;;BOND;-50.000.000,00;Done;26-05-2020;;N;SRK;SELL;;;DDBC;;;;;;;NONE;Y;Y;NORMAL;COPENHAGEN;;;;;;;;;;;;;;;;MAES062Z21O4RZ2U7M96;;;;;;;;;;;;;;N
;0004787263;FX Spot;;;;Verified;NYK_MARKETS;CREDIT_TRAD;EUR_CREDIT;STRATEGISK;26-05-2020;;;EUR;;;;26-05-2020;;28-05-2020;28-05-2020;;FXSPT EUR/DKK 0.1M @7.476050;EURDKK;;103.303,62;Verified;26-05-2020;;N;;BUY;;;;;;;;;;NONE;Y;Y;NORMAL;COPENHAGEN;;;;;;;;;;;;;;;;;;;;;;;;;;;;;;
;0001974667;Future;;000189LW;BARX;Verified;NYK_MARKETS;MARKETMAKING;FLEX;CS;26-05-2020;ALS;CS;EUR;SCHATDTB / JUN20;NOTICKET;;26-05-2020;;26-05-2020;10-06-2020;;FUT/BUY SCHATDTB/JUN20;;;200,00;Verified;26-05-2020;;N;ALS;BUY;;;;;;;;;;NONE;Y;Y;NORMAL;COPENHAGEN;;;;;;;;;;;;;;;;;;;;;;;;;;;;;;N
;0004787023;FX Spot;;;;Verified;NYK_MARKETS;CREDIT_TRAD;SCAND_CREDIT;STRATEGISK;26-05-2020;;;USD;;;;26-05-2020;;28-05-2020;28-05-2020;;FXSPT USD/DKK 0.5M @6.846100;USDDKK;;507.593,75;Verified;26-05-2020;;N;;BUY;;;;;;;;;;NONE;Y;Y;NORMAL;COPENHAGEN;;;;;;;;;;;;;;;;;;;;;;;;;;;;;;
;7996857N;Irg;CAP;19498815;MARKITWIRE;Verified;NYK_MARKETS;DERIVATER;OPTIONER;CHAL_OLD;24-05-2012;JBVO;;EUR;;;;26-05-2020;;28-08-2012;30-05-2022;;CAP/BUY 3mEURirg3mQUAR;;;50.000.000,00;Verified;24-05-2012;;Y;JBVO;BUY;;;Side:2,PrVer:3;;;;;;;NONE;Y;Y;NORMAL;COPENHAGEN;;;;;;;;;;19498815;;;;;;7H6GLXDRUGQFU57RNE97;;;;;;;;;;;;;;N
;0001974666;Future;;000189L6;BARX;Verified;NYK_MARKETS;MARKETMAKING;STAT;CS;26-05-2020;AXKR;CS;EUR;BUNDDTB / JUN20;NOTICKET;;26-05-2020;;26-05-2020;10-06-2020;;FUT/SELL BUNDDTB/JUN20;;;-25,00;Verified;26-05-2020;;N;AXKR;SELL;;;;;;;;;;NONE;Y;Y;NORMAL;COPENHAGEN;;;;;;;;;;;;;;;;;;;;;;;;;;;;;;N
;0004787074;FX Spot;;;;Verified;NYK_MARKETS;CREDIT_TRAD;PFAND_CREDIT;STRATEGISK;26-05-2020;;;EUR;;;;26-05-2020;;28-05-2020;28-05-2020;;FXSPT EUR/DKK 0.2M @7.475690;EURDKK;;208.831,52;Verified;26-05-2020;;N;;BUY;;;;;;;;;;NONE;Y;Y;NORMAL;COPENHAGEN;;;;;;;;;;;;;;;;;;;;;;;;;;;;;;
;0015454328;Bond;;0001898L;IDEAS;Done;NYK_MARKETS;CREDIT_TRAD;PFAND_CREDIT;DEPOTKUNDER;26-05-2020;DKNI;;EUR;BNP6.125_;IDEAS_DT;;26-05-2020;;28-05-2020;17-06-2022;DOM;S 0.2M 105.250000 -s 28/05/20 in DKK ;;EURO;-200.000,00;Done;26-05-2020;COCO;N;;SELL;;;8117195911;;;;;;;NONE;Y;Y;NORMAL;COPENHAGEN;;;;;;;;;;;;;;;;;;;;;;;;;;;;;;N
;0015454338;Bond;;000189BV;IDEAS;Done;NYK_MARKETS;MARKETMAKING;FLEX;NAM;26-05-2020;LCA;;DKK;1LRF1JANRF202_22;IDEAS;;26-05-2020;;28-05-2020;03-01-2022;DOM;S 65.0M 101.770000 -s 28/05/20 ;;MORTGAGE;-65.000.000,00;Done;26-05-2020;INK;N;;SELL;;;99000-140;;;;;;;NONE;Y;Y;NORMAL;COPENHAGEN;;;;;;;;;;;;;;;;;;;;;;;;;;;;;;N
;0015454308;Bond;;00018969;BTS;Done;NYK_MARKETS;CREDIT_TRAD;SCAND_CREDIT;GOLL;26-05-2020;SDLA;;USD;SHBASS5.25_;;;26-05-2020;;28-05-2020;01-03-2021;EC BTS:189400 XS1194054166;B 3.0M 99.750000 -s 28/05/20 ;;EURO;3.000.000,00;Done;26-05-2020;COCO;Y;SDLA;BUY;;;GOLL;;;;;;;NONE;Y;Y;NORMAL;COPENHAGEN;;;;;;;;;;;;;;;;W22LROWP2IHZNBB6K528;;;;;;;;;;;;;;N
;0015454368;Bond;;000189H3;IDEAS;Done;NYK_MARKETS;MARKETMAKING;REAL;DEPOTKUNDER;26-05-2020;GITINDB;;DKK;1NYK1.01EA50;IDEAS;;26-05-2020;;28-05-2020;03-10-2050;DOM;S 0.1M 98.400000 -s 28/05/20 ;;MORTGAGE;-100.000,00;Done;26-05-2020;KONV;N;;SELL;;;8114509257;;;;;;;NONE;Y;Y;NORMAL;COPENHAGEN;;;;;;;;;;;;;;;;;;;;;;;;;;;;;;N
;0015454378;Bond;;000189HW;IDEAS;Done;NYK_MARKETS;MARKETMAKING;FLOAT;REALKREDIT_D;26-05-2020;MOEN;;DKK;RDKRE0_07/01/24;IDEAS;;26-05-2020;;28-05-2020;01-07-2024;DOM;B 463.2M 100.242603 -s 28/05/20 ;;MORTGAGE;463.175.000,00;Done;26-05-2020;FRN;N;;BUY;;;10001-0;;;;;;;NONE;Y;Y;NORMAL;COPENHAGEN;;;;;;;;;;;;;;;;549300NLOMBOWE943Y30;;;;;;;;;;;;;;N
;0015454348;Bond;;000189DL;IDEAS;Done;NYK_MARKETS;MARKETMAKING;FLOAT;REALKREDIT_D;26-05-2020;OVIX;;DKK;RDKRE0_07/01/24;IDEAS;;26-05-2020;;28-05-2020;01-07-2024;DOM;B 463.2M 100.200000 -s 28/05/20 ;;MORTGAGE;463.175.000,00;Done;26-05-2020;FRN;N;;BUY;;;10001-0;;;;;;;NONE;Y;Y;NORMAL;COPENHAGEN;;;;;;;;;;;;;;;;549300NLOMBOWE943Y30;;;;;;;;;;;;;;N
;0015454358;Bond;;000189GB;IDEAS;Done;NYK_MARKETS;MARKETMAKING;FLOAT;DLR_KREDIT;26-05-2020;OVIX;;DKK;RDKRE0_07/01/24;IDEAS;;26-05-2020;;28-05-2020;01-07-2024;DOM;S 300.0M 100.245103 -s 28/05/20 ;;MORTGAGE;-300.000.000,00;Done;26-05-2020;FRN;N;;SELL;;;10200-5;;;;;;;NONE;Y;Y;NORMAL;COPENHAGEN;;;;;;;;;;;;;;;;529900PR2ELW8QI1B775;;;;;;;;;;;;;;N
;0015454398;Bond;;000189KV;IDEAS;Done;NYK_MARKETS;CREDIT_TRAD;OTHER_CREDIT;JPMS;26-05-2020;GITINDB;;EUR;CRHID1.625_05/05/30;IDEAS_DT;;26-05-2020;;27-05-2020;05-02-2030;EC;S 0.1M 101.260000 -s 27/05/20 ;;EURO;-100.000,00;Done;26-05-2020;;N;;SELL;;;86240-10;;;;;;;NONE;Y;Y;NORMAL;COPENHAGEN;;;;;;;;;;;;;;;;7H6GLXDRUGQFU57RNE97;;;;;;;;;;;;;;N
;0004787254;FX Spot;;;;Verified;NYK_MARKETS;CREDIT_TRAD;EUR_CREDIT;STRATEGISK;26-05-2020;;;EUR;;;;26-05-2020;;28-05-2020;28-05-2020;;FXSPT EUR/DKK 0.1M @7.476050;EURDKK;;89.455,21;Verified;26-05-2020;;N;;BUY;;;;;;;;;;NONE;Y;Y;NORMAL;COPENHAGEN;;;;;;;;;;;;;;;;;;;;;;;;;;;;;;
;16650098N;Swap;IRSWAP;140468303;MARKITWIRE;Verified;NYK_MARKETS;DERIVATER;SWAPS;LCH_BAML;25-05-2020;TTKR;;DKK;;;;26-05-2020;;04-12-2019;04-12-2029;;SW/REC 6mDKKswapSEMI;;;-140.000.000,00;Verified;25-05-2020;;Y;;BUY;;;Side:2,PrVer:1;;;;LCH;LCH_BAML;PRN_ICM;YES;Y;Y;NORMAL;COPENHAGEN;;LCH;NYK_MARKETS;;;;;LCH00066004073;LCH_BAML;140468303;;;;;140468204;549300FH0WJAPEHTIQ77;;;;;;;;;;;;;;N
;16178016N;Swap;IRSWAP;129012094;MARKITWIRE;Verified;NYK_MARKETS;DERIVATER;SWAPS;LCH_BAML;26-11-2019;TTKR;BLOOMBERG;EUR;;;;26-05-2020;;28-11-2019;28-11-2034;;SW/REC 6mEURswapSEMI;;;-2.000.000,00;Verified;26-11-2019;;Y;;BUY;;;Side:2,PrVer:1;;;;LCH;LCH_BAML;PRN_ICM;YES;Y;Y;NORMAL;COPENHAGEN;;LCH_BAML;;;;;;LCH00060473472;;129012094;;;;;;549300FH0WJAPEHTIQ77;;;;;;;;;;;;;;N
;0001974665;Future;;000189L1;BARX;Verified;NYK_MARKETS;MARKETMAKING;REAL;CS;26-05-2020;JPED;CS;EUR;BUNDDTB / JUN20;NOTICKET;;26-05-2020;;26-05-2020;10-06-2020;;FUT/SELL BUNDDTB/JUN20;;;-25,00;Verified;26-05-2020;;N;JPED;SELL;;;;;;;;;;NONE;Y;Y;NORMAL;COPENHAGEN;;;;;;;;;;;;;;;;;;;;;;;;;;;;;;N
;0015454329;Bond;;0001898N;BTS;Done;NYK_MARKETS;MARKETMAKING;FLOAT;NYKREDIT_A_S;26-05-2020;ALS;;DKK;NYKRE0_01/01/22;;;26-05-2020;;28-05-2020;03-01-2022;DOM BTS:189404 DK0009523466;B 20.0M 99.980000 -s 28/05/20 ;;MORTGAGE;20.000.000,00;Done;26-05-2020;FRN;N;ALS;BUY;;;NYKREDIT_A_S;;;;;;;NONE;Y;Y;NORMAL;COPENHAGEN;;;;;;;;;;;;;;;;LIU16F6VZJSD6UKHD557;;;;;;;;;;;;;;N
;0015454339;Bond;;000189BW;IDEAS;Done;NYK_MARKETS;MARKETMAKING;FLEX;NAM;26-05-2020;LCA;;DKK;1LRF1AP21RF;IDEAS;;26-05-2020;;28-05-2020;06-04-2021;DOM;S 40.0M 100.960000 -s 28/05/20 ;;MORTGAGE;-40.000.000,00;Done;26-05-2020;INK;N;;SELL;;;99000-140;;;;;;;NONE;Y;Y;NORMAL;COPENHAGEN;;;;;;;;;;;;;;;;;;;;;;;;;;;;;;N
;0015454309;Bond;;0001896B;IDEAS;Done;NYK_MARKETS;CREDIT_TRAD;SCAND_CREDIT;DEPOTKUNDER;26-05-2020;SDLA;;USD;SHBASS5.25_;IDEAS_DT;;26-05-2020;;28-05-2020;01-03-2021;DOM;S 1.0M 100.250000 -s 28/05/20 in DKK ;;EURO;-1.000.000,00;Done;26-05-2020;COCO;N;;SELL;;;5473068398;;;;;;;NONE;Y;Y;NORMAL;COPENHAGEN;;;;;;;;;;;;;;;;;;;;;;;;;;;;;;N
;0015454379;Bond;;000189J0;IDEAS;Done;NYK_MARKETS;CREDIT_TRAD;OTHER_CREDIT;AM_91430;26-05-2020;GITINDB;;EUR;FIS0.125_12/03/22;IDEAS_DT;;26-05-2020;;27-05-2020;03-11-2022;EC;B 0.2M 98.690000 -s 27/05/20 ;;EURO;200.000,00;Done;26-05-2020;;N;;BUY;;;91430-10;;;;;;;NONE;Y;Y;NORMAL;COPENHAGEN;;;;;;;;;;;;;;;;;;;;;;;;;;;;;;N
;0015454359;Bond;;000189GD;IDEAS;Done;NYK_MARKETS;MARKETMAKING;FLOAT;REALKREDIT_D;26-05-2020;OVIX;;DKK;RDKRE0_07/01/24;IDEAS;;26-05-2020;;28-05-2020;01-07-2024;DOM;B 300.0M 100.242603 -s 28/05/20 ;;MORTGAGE;300.000.000,00;Done;26-05-2020;FRN;N;;BUY;;;10001-1;;;;;;;NONE;Y;Y;NORMAL;COPENHAGEN;;;;;;;;;;;;;;;;549300NLOMBOWE943Y30;;;;;;;;;;;;;;N
;0015454399;Bond;;000189KY;MTS;Done;NYK_MARKETS;MARKETMAKING;STAT;MSTL;26-05-2020;AXKR;;DKK;DGB0.5_11/15/29;;;26-05-2020;;28-05-2020;15-11-2029;DOM MTS:189459 DK0009923807;B 25.0M 107.230000 -s 28/05/20 ;;BOND;25.000.000,00;Done;26-05-2020;;N;AXKR;BUY;;;MSTL;;;;;;;NONE;Y;Y;NORMAL;COPENHAGEN;;;;;;;;;;;;;;;;4PQUHN3JPFGFNF3BB653;;;;;;;;;;;;;;N
;0001974664;Future;;000189KX;BARX;Verified;NYK_MARKETS;MARKETMAKING;STAT;CS;26-05-2020;AXKR;CS;EUR;BUNDDTB / JUN20;NOTICKET;;26-05-2020;;26-05-2020;10-06-2020;;FUT/SELL BUNDDTB/JUN20;;;-20,00;Verified;26-05-2020;;N;AXKR;SELL;;;;;;;;;;NONE;Y;Y;NORMAL;COPENHAGEN;;;;;;;;;;;;;;;;;;;;;;;;;;;;;;N
;0015454426;Bond;;000189MD;BTS;Done;NYK_MARKETS;CREDIT_TRAD;EUR_CREDIT;CANT_FITZG;26-05-2020;KTK;;EUR;VW3.875__X;;;26-05-2020;;28-05-2020;14-06-2027;EC BTS:189467 XS1629774230;B 1.0M 98.275000 -s 28/05/20 ;;EURO;1.000.000,00;Done;26-05-2020;;N;KTK;BUY;;;CANT_FITZG;;;;;;;NONE;Y;Y;NORMAL;COPENHAGEN;;;;;;;;;;;;;;;;;;;;;;;;;;;;;;N
;0015454406;Bond;;000189L9;BTS;Done;NYK_MARKETS;CREDIT_TRAD;EUR_CREDIT;MSTL;26-05-2020;KTK;;EUR;SESGFP4.625_;;;26-05-2020;;28-05-2020;03-01-2022;EC BTS:189460 XS1405777746;B 0.6M 99.990000 -s 28/05/20 ;;EURO;600.000,00;Done;26-05-2020;;N;KTK;BUY;;;MSTL;;;;;;;NONE;Y;Y;NORMAL;COPENHAGEN;;;;;;;;;;;;;;;;4PQUHN3JPFGFNF3BB653;;;;;;;;;;;;;;N
;0015454416;Bond;;000189LR;IDEAS;Done;NYK_MARKETS;MARKETMAKING;REAL;VESTJYS_BANK;26-05-2020;JOPE;;DKK;1NYK1.01EA50;IDEAS;;26-05-2020;;30-06-2020;03-10-2050;DOM;B 3.0M 98.000000 -s 30/06/20 ;;MORTGAGE;3.000.000,00;Done;26-05-2020;KONV;Y;;BUY;;;7730-0;;;;;;;NONE;Y;Y;NORMAL;COPENHAGEN;;;;;;;;;;;;;;;;549300B65M1U9FENOW23;;;;;;;;;;;;;;N
;0001974663;Future;;000189JZ;BARX;Verified;NYK_MARKETS;MARKETMAKING;REAL;CS;26-05-2020;JPED;CS;EUR;BUNDDTB / JUN20;NOTICKET;;26-05-2020;;26-05-2020;10-06-2020;;FUT/SELL BUNDDTB/JUN20;;;-15,00;Verified;26-05-2020;;N;JPED;SELL;;;;;;;;;;NONE;Y;Y;NORMAL;COPENHAGEN;;;;;;;;;;;;;;;;;;;;;;;;;;;;;;N
;0015454407;Bond;;000189LC;MTS;Done;NYK_MARKETS;MARKETMAKING;STAT;NORDEA_FIN;26-05-2020;AXKR;;DKK;DGB0.5_11/15/29;;;26-05-2020;;28-05-2020;15-11-2029;DOM MTS:189461 DK0009923807;B 25.0M 107.260000 -s 28/05/20 ;;BOND;25.000.000,00;Done;26-05-2020;;N;AXKR;BUY;;;NORDEA_FIN;;;;;;;NONE;Y;Y;NORMAL;COPENHAGEN;;;;;;;;;;;;;;;;529900ODI3047E2LIV03;;;;;;;;;;;;;;N
;0015454417;Bond;;000189LS;IDEAS;Done;NYK_MARKETS;MARKETMAKING;FLOAT;NAM;26-05-2020;LCA;;DKK;DANSKB0_01/01/22;IDEAS;;26-05-2020;;28-05-2020;03-01-2022;DOM;B 50.0M 100.850000 -s 28/05/20 ;;MORTGAGE;50.000.000,00;Done;26-05-2020;FRN;N;;BUY;;;99000-140;;;;;;;NONE;Y;Y;NORMAL;COPENHAGEN;;;;;;;;;;;;;;;;;;;;;;;;;;;;;;N
;0001974662;Future;;000189HZ;BARX;Verified;NYK_MARKETS;MARKETMAKING;REAL;CS;26-05-2020;JPED;CS;EUR;BUNDDTB / JUN20;NOTICKET;;26-05-2020;;26-05-2020;10-06-2020;;FUT/SELL BUNDDTB/JUN20;;;-50,00;Verified;26-05-2020;;N;JPED;SELL;;;;;;;;;;NONE;Y;Y;NORMAL;COPENHAGEN;;;;;;;;;;;;;;;;;;;;;;;;;;;;;;N
;0004787261;FX Spot;;;;Verified;NYK_MARKETS;CREDIT_TRAD;EUR_CREDIT;STRATEGISK;26-05-2020;;;EUR;;;;26-05-2020;;28-05-2020;28-05-2020;;FXSPT EUR/DKK -0.1M @7.455560;EURDKK;;-103.303,62;Verified;26-05-2020;;N;;SELL;;;;;;;;;;NONE;Y;Y;NORMAL;COPENHAGEN;;;;;;;;;;;;;;;;;;;;;;;;;;;;;;
;0004787251;FX Spot;;;;Verified;NYK_MARKETS;CREDIT_TRAD;EUR_CREDIT;STRATEGISK;26-05-2020;;;EUR;;;;26-05-2020;;28-05-2020;28-05-2020;;FXSPT EUR/DKK 0.1M @7.476040;EURDKK;;102.695,01;Verified;26-05-2020;;N;;BUY;;;;;;;;;;NONE;Y;Y;NORMAL;COPENHAGEN;;;;;;;;;;;;;;;;;;;;;;;;;;;;;;
;0015454404;Bond;;000189L8;IDEAS;Done;NYK_MARKETS;CREDIT_TRAD;SCAND_CREDIT;DEPOTKUNDER;26-05-2020;SDLA;;EUR;SAXOBK5.5_07/03/29;IDEAS_DT;;26-05-2020;;28-05-2020;03-07-2024;DOM;B 0.3M 96.000000 -s 28/05/20 ;;EURO;300.000,00;Done;26-05-2020;;N;;BUY;;;8110513993;;;;;;;NONE;Y;Y;NORMAL;COPENHAGEN;;;;;;;;;;;;;;;;;;;;;;;;;;;;;;N
;0015454414;Bond;;000189LP;IDEAS;Done;NYK_MARKETS;CREDIT_TRAD;OTHER_CREDIT;AM_91430;26-05-2020;GITINDB;;EUR;VIVFP1.125_12/11/28;IDEAS_DT;;26-05-2020;;28-05-2020;11-09-2028;EC;B 0.1M 97.822000 -s 28/05/20 ;;EURO;100.000,00;Done;26-05-2020;;N;;BUY;;;91430-10;;;;;;;NONE;Y;Y;NORMAL;COPENHAGEN;;;;;;;;;;;;;;;;;;;;;;;;;;;;;;N
;0004787331;FX Spot;;;;Verified;NYK_MARKETS;CREDIT_TRAD;PFAND_CREDIT;STRATEGISK;26-05-2020;;;USD;;;;26-05-2020;;28-05-2020;28-05-2020;;FXSPT USD/DKK 0.4M @6.826710;USDDKK;;386.074,44;Verified;26-05-2020;;N;;BUY;;;;;;;;;;NONE;Y;Y;NORMAL;COPENHAGEN;;;;;;;;;;;;;;;;;;;;;;;;;;;;;;
;0004787021;FX Spot;;;;Verified;NYK_MARKETS;CREDIT_TRAD;SCAND_CREDIT;STRATEGISK;26-05-2020;;;USD;;;;26-05-2020;;28-05-2020;28-05-2020;;FXSPT USD/DKK 1.0M @6.846100;USDDKK;;1.015.187,50;Verified;26-05-2020;;N;;BUY;;;;;;;;;;NONE;Y;Y;NORMAL;COPENHAGEN;;;;;;;;;;;;;;;;;;;;;;;;;;;;;;
;6558636N;Swap;IRSWAP;;;Verified;NYK_MARKETS;DERIVATER;OPTIONER;SWAPS;26-05-2010;ALHA;;EUR;;;;26-05-2020;;28-05-2010;28-05-2025;;SW/PAY 6mEURswapSEMI;;;40.300.000,00;Verified;26-05-2010;;N;ALHA;SELL;;;;;;;;;;NONE;Y;Y;NORMAL;COPENHAGEN;;;;;;;;;;;;;;;;;;;;;;;;;;;;;;N
;0001974661;Future;;000189G9;BARX;Verified;NYK_MARKETS;MARKETMAKING;REAL;CS;26-05-2020;JPED;CS;EUR;BUNDDTB / JUN20;NOTICKET;;26-05-2020;;26-05-2020;10-06-2020;;FUT/SELL BUNDDTB/JUN20;;;-50,00;Verified;26-05-2020;;N;JPED;SELL;;;;;;;;;;NONE;Y;Y;NORMAL;COPENHAGEN;;;;;;;;;;;;;;;;;;;;;;;;;;;;;;N
